Имя;Опубликован;Категории;"Mета: gold";"Мета: _gold";"Мета: silver";"Мета: _silver";"Мета: platinum";"Мета: _platinum";"Мета: palladium";"Мета: _palladium";"Мета: typecount";"Мета: _typecount";Мета: fixprice;"Мета: _fixprice"
Г2-57;1;ГЕНЕРАТОР;0;field_5f300bf892dd9;0;field_5f300c0592dda;0;field_5f300c0c92ddb;0;field_5f300c1492ddc;2;field_5f3241837673f;8000;field_5f61bb06434a8
Г2-59;1;ГЕНЕРАТОР;0;field_5f300bf892dd9;0;field_5f300c0592dda;0;field_5f300c0c92ddb;0;field_5f300c1492ddc;2;field_5f3241837673f;10000;field_5f61bb06434a8
Г3-101 (2 блока);1;ГЕНЕРАТОР;0;field_5f300bf892dd9;0;field_5f300c0592dda;0;field_5f300c0c92ddb;0;field_5f300c1492ddc;2;field_5f3241837673f;5000;field_5f61bb06434a8
Г3-102 (после анализа до 8000);1;ГЕНЕРАТОР;0;field_5f300bf892dd9;0;field_5f300c0592dda;0;field_5f300c0c92ddb;0;field_5f300c1492ddc;2;field_5f3241837673f;500;field_5f61bb06434a8
Г3-104;1;ГЕНЕРАТОР;0;field_5f300bf892dd9;0;field_5f300c0592dda;0;field_5f300c0c92ddb;0;field_5f300c1492ddc;2;field_5f3241837673f;5000;field_5f61bb06434a8
Г3-106 (до 80 года);1;ГЕНЕРАТОР;0;field_5f300bf892dd9;0;field_5f300c0592dda;0;field_5f300c0c92ddb;0;field_5f300c1492ddc;2;field_5f3241837673f;500;field_5f61bb06434a8
Г3-106 (с 81 года по 89 год);1;ГЕНЕРАТОР;0;field_5f300bf892dd9;0;field_5f300c0592dda;0;field_5f300c0c92ddb;0;field_5f300c1492ddc;2;field_5f3241837673f;3500;field_5f61bb06434a8
Г3-107;1;ГЕНЕРАТОР;0;field_5f300bf892dd9;0;field_5f300c0592dda;0;field_5f300c0c92ddb;0;field_5f300c1492ddc;2;field_5f3241837673f;2500;field_5f61bb06434a8
Г3-109;1;ГЕНЕРАТОР;0;field_5f300bf892dd9;0;field_5f300c0592dda;0;field_5f300c0c92ddb;0;field_5f300c1492ddc;2;field_5f3241837673f;10000;field_5f61bb06434a8
Г3-110;1;ГЕНЕРАТОР;0;field_5f300bf892dd9;0;field_5f300c0592dda;0;field_5f300c0c92ddb;0;field_5f300c1492ddc;2;field_5f3241837673f;15000;field_5f61bb06434a8
Г3-112 (с усилителем);1;ГЕНЕРАТОР;0;field_5f300bf892dd9;0;field_5f300c0592dda;0;field_5f300c0c92ddb;0;field_5f300c1492ddc;2;field_5f3241837673f;2000;field_5f61bb06434a8
Г3-113;1;ГЕНЕРАТОР;0;field_5f300bf892dd9;0;field_5f300c0592dda;0;field_5f300c0c92ddb;0;field_5f300c1492ddc;2;field_5f3241837673f;5000;field_5f61bb06434a8
Г3-117;1;ГЕНЕРАТОР;0;field_5f300bf892dd9;0;field_5f300c0592dda;0;field_5f300c0c92ddb;0;field_5f300c1492ddc;2;field_5f3241837673f;12000;field_5f61bb06434a8
Г3-118 (с фильтром);1;ГЕНЕРАТОР;0;field_5f300bf892dd9;0;field_5f300c0592dda;0;field_5f300c0c92ddb;0;field_5f300c1492ddc;2;field_5f3241837673f;2000;field_5f61bb06434a8
Г3-119 (c блоком режимов);1;ГЕНЕРАТОР;0;field_5f300bf892dd9;0;field_5f300c0592dda;0;field_5f300c0c92ddb;0;field_5f300c1492ddc;2;field_5f3241837673f;20000;field_5f61bb06434a8
Г3-119 (без блока);1;ГЕНЕРАТОР;0;field_5f300bf892dd9;0;field_5f300c0592dda;0;field_5f300c0c92ddb;0;field_5f300c1492ddc;2;field_5f3241837673f;12000;field_5f61bb06434a8
Г3-120;1;ГЕНЕРАТОР;0;field_5f300bf892dd9;0;field_5f300c0592dda;0;field_5f300c0c92ddb;0;field_5f300c1492ddc;2;field_5f3241837673f;2000;field_5f61bb06434a8
Г3-121;1;ГЕНЕРАТОР;0;field_5f300bf892dd9;0;field_5f300c0592dda;0;field_5f300c0c92ddb;0;field_5f300c1492ddc;2;field_5f3241837673f;4500;field_5f61bb06434a8
Г3-122;1;ГЕНЕРАТОР;0;field_5f300bf892dd9;0;field_5f300c0592dda;0;field_5f300c0c92ddb;0;field_5f300c1492ddc;2;field_5f3241837673f;15000;field_5f61bb06434a8
Г3-123 (до 90 года);1;ГЕНЕРАТОР;0;field_5f300bf892dd9;0;field_5f300c0592dda;0;field_5f300c0c92ddb;0;field_5f300c1492ddc;2;field_5f3241837673f;8000;field_5f61bb06434a8
Г3-123 (после 90 года);1;ГЕНЕРАТОР;0;field_5f300bf892dd9;0;field_5f300c0592dda;0;field_5f300c0c92ddb;0;field_5f300c1492ddc;2;field_5f3241837673f;4000;field_5f61bb06434a8
Г3-124;1;ГЕНЕРАТОР;0;field_5f300bf892dd9;0;field_5f300c0592dda;0;field_5f300c0c92ddb;0;field_5f300c1492ddc;2;field_5f3241837673f;10000;field_5f61bb06434a8
Г4-74;1;ГЕНЕРАТОР;0;field_5f300bf892dd9;0;field_5f300c0592dda;0;field_5f300c0c92ddb;0;field_5f300c1492ddc;2;field_5f3241837673f;1000;field_5f61bb06434a8
Г4-76;1;ГЕНЕРАТОР;0;field_5f300bf892dd9;0;field_5f300c0592dda;0;field_5f300c0c92ddb;0;field_5f300c1492ddc;2;field_5f3241837673f;1000;field_5f61bb06434a8
Г4-78;1;ГЕНЕРАТОР;0;field_5f300bf892dd9;0;field_5f300c0592dda;0;field_5f300c0c92ddb;0;field_5f300c1492ddc;2;field_5f3241837673f;3500;field_5f61bb06434a8
Г4-79;1;ГЕНЕРАТОР;0;field_5f300bf892dd9;0;field_5f300c0592dda;0;field_5f300c0c92ddb;0;field_5f300c1492ddc;2;field_5f3241837673f;3000;field_5f61bb06434a8
Г4-80;1;ГЕНЕРАТОР;0;field_5f300bf892dd9;0;field_5f300c0592dda;0;field_5f300c0c92ddb;0;field_5f300c1492ddc;2;field_5f3241837673f;3000;field_5f61bb06434a8
Г4-81;1;ГЕНЕРАТОР;0;field_5f300bf892dd9;0;field_5f300c0592dda;0;field_5f300c0c92ddb;0;field_5f300c1492ddc;2;field_5f3241837673f;3000;field_5f61bb06434a8
Г4-82;1;ГЕНЕРАТОР;0;field_5f300bf892dd9;0;field_5f300c0592dda;0;field_5f300c0c92ddb;0;field_5f300c1492ddc;2;field_5f3241837673f;3000;field_5f61bb06434a8
Г4-83;1;ГЕНЕРАТОР;0;field_5f300bf892dd9;0;field_5f300c0592dda;0;field_5f300c0c92ddb;0;field_5f300c1492ddc;2;field_5f3241837673f;2500;field_5f61bb06434a8
Г4-90;1;ГЕНЕРАТОР;0;field_5f300bf892dd9;0;field_5f300c0592dda;0;field_5f300c0c92ddb;0;field_5f300c1492ddc;2;field_5f3241837673f;6500;field_5f61bb06434a8
Г4-91;1;ГЕНЕРАТОР;0;field_5f300bf892dd9;0;field_5f300c0592dda;0;field_5f300c0c92ddb;0;field_5f300c1492ddc;2;field_5f3241837673f;1500;field_5f61bb06434a8
Г4-106;1;ГЕНЕРАТОР;0;field_5f300bf892dd9;0;field_5f300c0592dda;0;field_5f300c0c92ddb;0;field_5f300c1492ddc;2;field_5f3241837673f;2000;field_5f61bb06434a8
Г4-107;1;ГЕНЕРАТОР;0;field_5f300bf892dd9;0;field_5f300c0592dda;0;field_5f300c0c92ddb;0;field_5f300c1492ddc;2;field_5f3241837673f;1000;field_5f61bb06434a8
Г4-108;1;ГЕНЕРАТОР;0;field_5f300bf892dd9;0;field_5f300c0592dda;0;field_5f300c0c92ddb;0;field_5f300c1492ddc;2;field_5f3241837673f;1000;field_5f61bb06434a8
Г4-109;1;ГЕНЕРАТОР;0;field_5f300bf892dd9;0;field_5f300c0592dda;0;field_5f300c0c92ddb;0;field_5f300c1492ddc;2;field_5f3241837673f;4000;field_5f61bb06434a8
Г4-111;1;ГЕНЕРАТОР;0;field_5f300bf892dd9;0;field_5f300c0592dda;0;field_5f300c0c92ddb;0;field_5f300c1492ddc;2;field_5f3241837673f;3000;field_5f61bb06434a8
Г4-116;1;ГЕНЕРАТОР;0;field_5f300bf892dd9;0;field_5f300c0592dda;0;field_5f300c0c92ddb;0;field_5f300c1492ddc;2;field_5f3241837673f;4000;field_5f61bb06434a8
Г4-117;1;ГЕНЕРАТОР;0;field_5f300bf892dd9;0;field_5f300c0592dda;0;field_5f300c0c92ddb;0;field_5f300c1492ddc;2;field_5f3241837673f;3500;field_5f61bb06434a8
Г4-118;1;ГЕНЕРАТОР;0;field_5f300bf892dd9;0;field_5f300c0592dda;0;field_5f300c0c92ddb;0;field_5f300c1492ddc;2;field_5f3241837673f;3500;field_5f61bb06434a8
Г4-128 (с усилителем);1;ГЕНЕРАТОР;0;field_5f300bf892dd9;0;field_5f300c0592dda;0;field_5f300c0c92ddb;0;field_5f300c1492ddc;2;field_5f3241837673f;5500;field_5f61bb06434a8
Г4-129 (с усилителем);1;ГЕНЕРАТОР;0;field_5f300bf892dd9;0;field_5f300c0592dda;0;field_5f300c0c92ddb;0;field_5f300c1492ddc;2;field_5f3241837673f;5500;field_5f61bb06434a8
Г4-139;1;ГЕНЕРАТОР;0;field_5f300bf892dd9;0;field_5f300c0592dda;0;field_5f300c0c92ddb;0;field_5f300c1492ddc;2;field_5f3241837673f;10000;field_5f61bb06434a8
Г4-141;1;ГЕНЕРАТОР;0;field_5f300bf892dd9;0;field_5f300c0592dda;0;field_5f300c0c92ddb;0;field_5f300c1492ddc;2;field_5f3241837673f;5500;field_5f61bb06434a8
Г4-142;1;ГЕНЕРАТОР;0;field_5f300bf892dd9;0;field_5f300c0592dda;0;field_5f300c0c92ddb;0;field_5f300c1492ddc;2;field_5f3241837673f;5500;field_5f61bb06434a8
Г4-144;1;ГЕНЕРАТОР;0;field_5f300bf892dd9;0;field_5f300c0592dda;0;field_5f300c0c92ddb;0;field_5f300c1492ddc;2;field_5f3241837673f;1000;field_5f61bb06434a8
Г4-151;1;ГЕНЕРАТОР;0;field_5f300bf892dd9;0;field_5f300c0592dda;0;field_5f300c0c92ddb;0;field_5f300c1492ddc;2;field_5f3241837673f;8000;field_5f61bb06434a8
Г4-153;1;ГЕНЕРАТОР;0;field_5f300bf892dd9;0;field_5f300c0592dda;0;field_5f300c0c92ddb;0;field_5f300c1492ddc;2;field_5f3241837673f;8500;field_5f61bb06434a8
Г4-154;1;ГЕНЕРАТОР;0;field_5f300bf892dd9;0;field_5f300c0592dda;0;field_5f300c0c92ddb;0;field_5f300c1492ddc;2;field_5f3241837673f;10000;field_5f61bb06434a8
Г4-155;1;ГЕНЕРАТОР;0;field_5f300bf892dd9;0;field_5f300c0592dda;0;field_5f300c0c92ddb;0;field_5f300c1492ddc;2;field_5f3241837673f;5500;field_5f61bb06434a8
Г4-156;1;ГЕНЕРАТОР;0;field_5f300bf892dd9;0;field_5f300c0592dda;0;field_5f300c0c92ddb;0;field_5f300c1492ddc;2;field_5f3241837673f;5500;field_5f61bb06434a8
Г4-158;1;ГЕНЕРАТОР;0;field_5f300bf892dd9;0;field_5f300c0592dda;0;field_5f300c0c92ddb;0;field_5f300c1492ddc;2;field_5f3241837673f;9500;field_5f61bb06434a8
Г4-158А;1;ГЕНЕРАТОР;0;field_5f300bf892dd9;0;field_5f300c0592dda;0;field_5f300c0c92ddb;0;field_5f300c1492ddc;2;field_5f3241837673f;10000;field_5f61bb06434a8
Г4-160;1;ГЕНЕРАТОР;0;field_5f300bf892dd9;0;field_5f300c0592dda;0;field_5f300c0c92ddb;0;field_5f300c1492ddc;2;field_5f3241837673f;3000;field_5f61bb06434a8
Г4-161;1;ГЕНЕРАТОР;0;field_5f300bf892dd9;0;field_5f300c0592dda;0;field_5f300c0c92ddb;0;field_5f300c1492ddc;2;field_5f3241837673f;7500;field_5f61bb06434a8
Г4-164 (до 90 года);1;ГЕНЕРАТОР;0;field_5f300bf892dd9;0;field_5f300c0592dda;0;field_5f300c0c92ddb;0;field_5f300c1492ddc;2;field_5f3241837673f;15000;field_5f61bb06434a8
Г4-164 (после 90 года );1;ГЕНЕРАТОР;0;field_5f300bf892dd9;0;field_5f300c0592dda;0;field_5f300c0c92ddb;0;field_5f300c1492ddc;2;field_5f3241837673f;8000;field_5f61bb06434a8
Г4-165 (в зависимости от состояния до 5000);1;ГЕНЕРАТОР;0;field_5f300bf892dd9;0;field_5f300c0592dda;0;field_5f300c0c92ddb;0;field_5f300c1492ddc;2;field_5f3241837673f;2500;field_5f61bb06434a8
Г4-175 (до 90 года);1;ГЕНЕРАТОР;0;field_5f300bf892dd9;0;field_5f300c0592dda;0;field_5f300c0c92ddb;0;field_5f300c1492ddc;2;field_5f3241837673f;22000;field_5f61bb06434a8
Г4-175 (после 90 года);1;ГЕНЕРАТОР;0;field_5f300bf892dd9;0;field_5f300c0592dda;0;field_5f300c0c92ddb;0;field_5f300c1492ddc;2;field_5f3241837673f;10000;field_5f61bb06434a8
Г4-176 (до 90 года);1;ГЕНЕРАТОР;0;field_5f300bf892dd9;0;field_5f300c0592dda;0;field_5f300c0c92ddb;0;field_5f300c1492ddc;2;field_5f3241837673f;16000;field_5f61bb06434a8
Г4-176 (после 90 года);1;ГЕНЕРАТОР;0;field_5f300bf892dd9;0;field_5f300c0592dda;0;field_5f300c0c92ddb;0;field_5f300c1492ddc;2;field_5f3241837673f;8500;field_5f61bb06434a8
Г5-26;1;ГЕНЕРАТОР;0;field_5f300bf892dd9;0;field_5f300c0592dda;0;field_5f300c0c92ddb;0;field_5f300c1492ddc;2;field_5f3241837673f;4500;field_5f61bb06434a8
Г5-27;1;ГЕНЕРАТОР;0;field_5f300bf892dd9;0;field_5f300c0592dda;0;field_5f300c0c92ddb;0;field_5f300c1492ddc;2;field_5f3241837673f;5500;field_5f61bb06434a8
Г5-28;1;ГЕНЕРАТОР;0;field_5f300bf892dd9;0;field_5f300c0592dda;0;field_5f300c0c92ddb;0;field_5f300c1492ddc;2;field_5f3241837673f;5500;field_5f61bb06434a8
Г5-29;1;ГЕНЕРАТОР;0;field_5f300bf892dd9;0;field_5f300c0592dda;0;field_5f300c0c92ddb;0;field_5f300c1492ddc;2;field_5f3241837673f;5500;field_5f61bb06434a8
Г5-30;1;ГЕНЕРАТОР;0;field_5f300bf892dd9;0;field_5f300c0592dda;0;field_5f300c0c92ddb;0;field_5f300c1492ddc;2;field_5f3241837673f;5500;field_5f61bb06434a8
Г5-35;1;ГЕНЕРАТОР;0;field_5f300bf892dd9;0;field_5f300c0592dda;0;field_5f300c0c92ddb;0;field_5f300c1492ddc;2;field_5f3241837673f;5500;field_5f61bb06434a8
Г5-37;1;ГЕНЕРАТОР;0;field_5f300bf892dd9;0;field_5f300c0592dda;0;field_5f300c0c92ddb;0;field_5f300c1492ddc;2;field_5f3241837673f;10000;field_5f61bb06434a8
Г5-46;1;ГЕНЕРАТОР;0;field_5f300bf892dd9;0;field_5f300c0592dda;0;field_5f300c0c92ddb;0;field_5f300c1492ddc;2;field_5f3241837673f;2000;field_5f61bb06434a8
Г5-47;1;ГЕНЕРАТОР;0;field_5f300bf892dd9;0;field_5f300c0592dda;0;field_5f300c0c92ddb;0;field_5f300c1492ddc;2;field_5f3241837673f;2000;field_5f61bb06434a8
Г5-48;1;ГЕНЕРАТОР;0;field_5f300bf892dd9;0;field_5f300c0592dda;0;field_5f300c0c92ddb;0;field_5f300c1492ddc;2;field_5f3241837673f;2000;field_5f61bb06434a8
Г5-49;1;ГЕНЕРАТОР;0;field_5f300bf892dd9;0;field_5f300c0592dda;0;field_5f300c0c92ddb;0;field_5f300c1492ddc;2;field_5f3241837673f;15000;field_5f61bb06434a8
Г5-50;1;ГЕНЕРАТОР;0;field_5f300bf892dd9;0;field_5f300c0592dda;0;field_5f300c0c92ddb;0;field_5f300c1492ddc;2;field_5f3241837673f;4500;field_5f61bb06434a8
Г5-53;1;ГЕНЕРАТОР;0;field_5f300bf892dd9;0;field_5f300c0592dda;0;field_5f300c0c92ddb;0;field_5f300c1492ddc;2;field_5f3241837673f;10000;field_5f61bb06434a8
Г5-54 (до 82 года);1;ГЕНЕРАТОР;0;field_5f300bf892dd9;0;field_5f300c0592dda;0;field_5f300c0c92ddb;0;field_5f300c1492ddc;2;field_5f3241837673f;3000;field_5f61bb06434a8
Г5-54 (с 82-го по 89 год);1;ГЕНЕРАТОР;0;field_5f300bf892dd9;0;field_5f300c0592dda;0;field_5f300c0c92ddb;0;field_5f300c1492ddc;2;field_5f3241837673f;2000;field_5f61bb06434a8
Г5-54 (после 90 года);1;ГЕНЕРАТОР;0;field_5f300bf892dd9;0;field_5f300c0592dda;0;field_5f300c0c92ddb;0;field_5f300c1492ddc;2;field_5f3241837673f;1500;field_5f61bb06434a8
Г5-56;1;ГЕНЕРАТОР;0;field_5f300bf892dd9;0;field_5f300c0592dda;0;field_5f300c0c92ddb;0;field_5f300c1492ddc;2;field_5f3241837673f;10000;field_5f61bb06434a8
Г5-59;1;ГЕНЕРАТОР;0;field_5f300bf892dd9;0;field_5f300c0592dda;0;field_5f300c0c92ddb;0;field_5f300c1492ddc;2;field_5f3241837673f;5000;field_5f61bb06434a8
Г5-60;1;ГЕНЕРАТОР;0;field_5f300bf892dd9;0;field_5f300c0592dda;0;field_5f300c0c92ddb;0;field_5f300c1492ddc;2;field_5f3241837673f;12000;field_5f61bb06434a8
Г5-61;1;ГЕНЕРАТОР;0;field_5f300bf892dd9;0;field_5f300c0592dda;0;field_5f300c0c92ddb;0;field_5f300c1492ddc;2;field_5f3241837673f;12000;field_5f61bb06434a8
Г5-62;1;ГЕНЕРАТОР;0;field_5f300bf892dd9;0;field_5f300c0592dda;0;field_5f300c0c92ddb;0;field_5f300c1492ddc;2;field_5f3241837673f;7000;field_5f61bb06434a8
Г5-63;1;ГЕНЕРАТОР;0;field_5f300bf892dd9;0;field_5f300c0592dda;0;field_5f300c0c92ddb;0;field_5f300c1492ddc;2;field_5f3241837673f;3500;field_5f61bb06434a8
Г5-64;1;ГЕНЕРАТОР;0;field_5f300bf892dd9;0;field_5f300c0592dda;0;field_5f300c0c92ddb;0;field_5f300c1492ddc;2;field_5f3241837673f;14000;field_5f61bb06434a8
Г5-66;1;ГЕНЕРАТОР;0;field_5f300bf892dd9;0;field_5f300c0592dda;0;field_5f300c0c92ddb;0;field_5f300c1492ddc;2;field_5f3241837673f;8000;field_5f61bb06434a8
Г5-67;1;ГЕНЕРАТОР;0;field_5f300bf892dd9;0;field_5f300c0592dda;0;field_5f300c0c92ddb;0;field_5f300c1492ddc;2;field_5f3241837673f;5000;field_5f61bb06434a8
Г5-69;1;ГЕНЕРАТОР;0;field_5f300bf892dd9;0;field_5f300c0592dda;0;field_5f300c0c92ddb;0;field_5f300c1492ddc;2;field_5f3241837673f;20000;field_5f61bb06434a8
Г5-72;1;ГЕНЕРАТОР;0;field_5f300bf892dd9;0;field_5f300c0592dda;0;field_5f300c0c92ddb;0;field_5f300c1492ddc;2;field_5f3241837673f;6000;field_5f61bb06434a8
Г5-75;1;ГЕНЕРАТОР;0;field_5f300bf892dd9;0;field_5f300c0592dda;0;field_5f300c0c92ddb;0;field_5f300c1492ddc;2;field_5f3241837673f;5000;field_5f61bb06434a8
Г5-78;1;ГЕНЕРАТОР;0;field_5f300bf892dd9;0;field_5f300c0592dda;0;field_5f300c0c92ddb;0;field_5f300c1492ddc;2;field_5f3241837673f;2500;field_5f61bb06434a8
Г5-79;1;ГЕНЕРАТОР;0;field_5f300bf892dd9;0;field_5f300c0592dda;0;field_5f300c0c92ddb;0;field_5f300c1492ddc;2;field_5f3241837673f;12000;field_5f61bb06434a8
Г5-80;1;ГЕНЕРАТОР;0;field_5f300bf892dd9;0;field_5f300c0592dda;0;field_5f300c0c92ddb;0;field_5f300c1492ddc;2;field_5f3241837673f;25000;field_5f61bb06434a8
Г5-82;1;ГЕНЕРАТОР;0;field_5f300bf892dd9;0;field_5f300c0592dda;0;field_5f300c0c92ddb;0;field_5f300c1492ddc;2;field_5f3241837673f;8000;field_5f61bb06434a8
Г5-84;1;ГЕНЕРАТОР;0;field_5f300bf892dd9;0;field_5f300c0592dda;0;field_5f300c0c92ddb;0;field_5f300c1492ddc;2;field_5f3241837673f;15000;field_5f61bb06434a8
Г5-89;1;ГЕНЕРАТОР;0;field_5f300bf892dd9;0;field_5f300c0592dda;0;field_5f300c0c92ddb;0;field_5f300c1492ddc;2;field_5f3241837673f;12000;field_5f61bb06434a8
Г5-90;1;ГЕНЕРАТОР;0;field_5f300bf892dd9;0;field_5f300c0592dda;0;field_5f300c0c92ddb;0;field_5f300c1492ddc;2;field_5f3241837673f;12000;field_5f61bb06434a8
Г5-91;1;ГЕНЕРАТОР;0;field_5f300bf892dd9;0;field_5f300c0592dda;0;field_5f300c0c92ddb;0;field_5f300c1492ddc;2;field_5f3241837673f;12000;field_5f61bb06434a8
Г6-8;1;ГЕНЕРАТОР;0;field_5f300bf892dd9;0;field_5f300c0592dda;0;field_5f300c0c92ddb;0;field_5f300c1492ddc;2;field_5f3241837673f;5000;field_5f61bb06434a8
Г6-15;1;ГЕНЕРАТОР;0;field_5f300bf892dd9;0;field_5f300c0592dda;0;field_5f300c0c92ddb;0;field_5f300c1492ddc;2;field_5f3241837673f;5000;field_5f61bb06434a8
Г6-17;1;ГЕНЕРАТОР;0;field_5f300bf892dd9;0;field_5f300c0592dda;0;field_5f300c0c92ddb;0;field_5f300c1492ddc;2;field_5f3241837673f;4500;field_5f61bb06434a8
Г6-26;1;ГЕНЕРАТОР;0;field_5f300bf892dd9;0;field_5f300c0592dda;0;field_5f300c0c92ddb;0;field_5f300c1492ddc;2;field_5f3241837673f;4000;field_5f61bb06434a8
Г6-27;1;ГЕНЕРАТОР;0;field_5f300bf892dd9;0;field_5f300c0592dda;0;field_5f300c0c92ddb;0;field_5f300c1492ddc;2;field_5f3241837673f;4500;field_5f61bb06434a8
Г6-28;1;ГЕНЕРАТОР;0;field_5f300bf892dd9;0;field_5f300c0592dda;0;field_5f300c0c92ddb;0;field_5f300c1492ddc;2;field_5f3241837673f;5000;field_5f61bb06434a8
Г6-29;1;ГЕНЕРАТОР;0;field_5f300bf892dd9;0;field_5f300c0592dda;0;field_5f300c0c92ddb;0;field_5f300c1492ddc;2;field_5f3241837673f;5000;field_5f61bb06434a8
Г6-30;1;ГЕНЕРАТОР;0;field_5f300bf892dd9;0;field_5f300c0592dda;0;field_5f300c0c92ddb;0;field_5f300c1492ddc;2;field_5f3241837673f;4500;field_5f61bb06434a8
Г6-31;1;ГЕНЕРАТОР;0;field_5f300bf892dd9;0;field_5f300c0592dda;0;field_5f300c0c92ddb;0;field_5f300c1492ddc;2;field_5f3241837673f;4500;field_5f61bb06434a8
Г6-33;1;ГЕНЕРАТОР;0;field_5f300bf892dd9;0;field_5f300c0592dda;0;field_5f300c0c92ddb;0;field_5f300c1492ddc;2;field_5f3241837673f;15000;field_5f61bb06434a8
Г6-34;1;ГЕНЕРАТОР;0;field_5f300bf892dd9;0;field_5f300c0592dda;0;field_5f300c0c92ddb;0;field_5f300c1492ddc;2;field_5f3241837673f;6000;field_5f61bb06434a8
Г6-35;1;ГЕНЕРАТОР;0;field_5f300bf892dd9;0;field_5f300c0592dda;0;field_5f300c0c92ddb;0;field_5f300c1492ddc;2;field_5f3241837673f;14000;field_5f61bb06434a8
Г6-36;1;ГЕНЕРАТОР;0;field_5f300bf892dd9;0;field_5f300c0592dda;0;field_5f300c0c92ddb;0;field_5f300c1492ddc;2;field_5f3241837673f;16000;field_5f61bb06434a8
Г6-37;1;ГЕНЕРАТОР;0;field_5f300bf892dd9;0;field_5f300c0592dda;0;field_5f300c0c92ddb;0;field_5f300c1492ddc;2;field_5f3241837673f;4500;field_5f61bb06434a8
Гк5-83;1;ГЕНЕРАТОР;0;field_5f300bf892dd9;0;field_5f300c0592dda;0;field_5f300c0c92ddb;0;field_5f300c1492ddc;2;field_5f3241837673f;20000;field_5f61bb06434a8
ГКЧ-52;1;ГЕНЕРАТОР;0;field_5f300bf892dd9;0;field_5f300c0592dda;0;field_5f300c0c92ddb;0;field_5f300c1492ddc;2;field_5f3241837673f;25000;field_5f61bb06434a8
ГКЧ-53;1;ГЕНЕРАТОР;0;field_5f300bf892dd9;0;field_5f300c0592dda;0;field_5f300c0c92ddb;0;field_5f300c1492ddc;2;field_5f3241837673f;25000;field_5f61bb06434a8
ГКЧ-54;1;ГЕНЕРАТОР;0;field_5f300bf892dd9;0;field_5f300c0592dda;0;field_5f300c0c92ddb;0;field_5f300c1492ddc;2;field_5f3241837673f;20000;field_5f61bb06434a8
ГКЧ-60;1;ГЕНЕРАТОР;0;field_5f300bf892dd9;0;field_5f300c0592dda;0;field_5f300c0c92ddb;0;field_5f300c1492ddc;2;field_5f3241837673f;20000;field_5f61bb06434a8
ГКЧ-61;1;ГЕНЕРАТОР;0;field_5f300bf892dd9;0;field_5f300c0592dda;0;field_5f300c0c92ddb;0;field_5f300c1492ddc;2;field_5f3241837673f;20000;field_5f61bb06434a8
ГКЧ-70;1;ГЕНЕРАТОР;0;field_5f300bf892dd9;0;field_5f300c0592dda;0;field_5f300c0c92ddb;0;field_5f300c1492ddc;2;field_5f3241837673f;20000;field_5f61bb06434a8
РГ4-02;1;ГЕНЕРАТОР;0;field_5f300bf892dd9;0;field_5f300c0592dda;0;field_5f300c0c92ddb;0;field_5f300c1492ddc;2;field_5f3241837673f;18000;field_5f61bb06434a8
РГ4-03;1;ГЕНЕРАТОР;0;field_5f300bf892dd9;0;field_5f300c0592dda;0;field_5f300c0c92ddb;0;field_5f300c1492ddc;2;field_5f3241837673f;18000;field_5f61bb06434a8
РГ4-04;1;ГЕНЕРАТОР;0;field_5f300bf892dd9;0;field_5f300c0592dda;0;field_5f300c0c92ddb;0;field_5f300c1492ddc;2;field_5f3241837673f;18000;field_5f61bb06434a8
РГ4-05;1;ГЕНЕРАТОР;0;field_5f300bf892dd9;0;field_5f300c0592dda;0;field_5f300c0c92ddb;0;field_5f300c1492ddc;2;field_5f3241837673f;18000;field_5f61bb06434a8
РГ4-06;1;ГЕНЕРАТОР;0;field_5f300bf892dd9;0;field_5f300c0592dda;0;field_5f300c0c92ddb;0;field_5f300c1492ddc;2;field_5f3241837673f;18000;field_5f61bb06434a8
РЧ4-07;1;ГЕНЕРАТОР;0;field_5f300bf892dd9;0;field_5f300c0592dda;0;field_5f300c0c92ddb;0;field_5f300c1492ddc;2;field_5f3241837673f;18000;field_5f61bb06434a8
РГЧ-08;1;ГЕНЕРАТОР;0;field_5f300bf892dd9;0;field_5f300c0592dda;0;field_5f300c0c92ddb;0;field_5f300c1492ddc;2;field_5f3241837673f;18000;field_5f61bb06434a8
РГ4-09;1;ГЕНЕРАТОР;0;field_5f300bf892dd9;0;field_5f300c0592dda;0;field_5f300c0c92ddb;0;field_5f300c1492ddc;2;field_5f3241837673f;18000;field_5f61bb06434a8
E4-11;1;ИЗМЕРИТЕЛЬ;0;field_5f300bf892dd9;0;field_5f300c0592dda;0;field_5f300c0c92ddb;0;field_5f300c1492ddc;2;field_5f3241837673f;1500;field_5f61bb06434a8
E7-10;1;ИЗМЕРИТЕЛЬ;0;field_5f300bf892dd9;0;field_5f300c0592dda;0;field_5f300c0c92ddb;0;field_5f300c1492ddc;2;field_5f3241837673f;4500;field_5f61bb06434a8
Е7-12 (до 90 года);1;ИЗМЕРИТЕЛЬ;0;field_5f300bf892dd9;0;field_5f300c0592dda;0;field_5f300c0c92ddb;0;field_5f300c1492ddc;2;field_5f3241837673f;16000;field_5f61bb06434a8
Е7-12 (после 90 года);1;ИЗМЕРИТЕЛЬ;0;field_5f300bf892dd9;0;field_5f300c0592dda;0;field_5f300c0c92ddb;0;field_5f300c1492ddc;2;field_5f3241837673f;8000;field_5f61bb06434a8
E7-13;1;ИЗМЕРИТЕЛЬ;0;field_5f300bf892dd9;0;field_5f300c0592dda;0;field_5f300c0c92ddb;0;field_5f300c1492ddc;2;field_5f3241837673f;3000;field_5f61bb06434a8
E7-14;1;ИЗМЕРИТЕЛЬ;0;field_5f300bf892dd9;0;field_5f300c0592dda;0;field_5f300c0c92ddb;0;field_5f300c1492ddc;2;field_5f3241837673f;5000;field_5f61bb06434a8
E7-15;1;ИЗМЕРИТЕЛЬ;0;field_5f300bf892dd9;0;field_5f300c0592dda;0;field_5f300c0c92ddb;0;field_5f300c1492ddc;2;field_5f3241837673f;3500;field_5f61bb06434a8
Е7-16;1;ИЗМЕРИТЕЛЬ;0;field_5f300bf892dd9;0;field_5f300c0592dda;0;field_5f300c0c92ddb;0;field_5f300c1492ddc;2;field_5f3241837673f;3500;field_5f61bb06434a8
E7-8 (до 86 года);1;ИЗМЕРИТЕЛЬ;0;field_5f300bf892dd9;0;field_5f300c0592dda;0;field_5f300c0c92ddb;0;field_5f300c1492ddc;2;field_5f3241837673f;12000;field_5f61bb06434a8
E7-8 (после 87 года);1;ИЗМЕРИТЕЛЬ;0;field_5f300bf892dd9;0;field_5f300c0592dda;0;field_5f300c0c92ddb;0;field_5f300c1492ddc;2;field_5f3241837673f;7500;field_5f61bb06434a8
E8-4;1;ИЗМЕРИТЕЛЬ;0;field_5f300bf892dd9;0;field_5f300c0592dda;0;field_5f300c0c92ddb;0;field_5f300c1492ddc;2;field_5f3241837673f;4500;field_5f61bb06434a8
E8-5;1;ИЗМЕРИТЕЛЬ;0;field_5f300bf892dd9;0;field_5f300c0592dda;0;field_5f300c0c92ddb;0;field_5f300c1492ddc;2;field_5f3241837673f;7000;field_5f61bb06434a8
И1-8;1;ИЗМЕРИТЕЛЬ;0;field_5f300bf892dd9;0;field_5f300c0592dda;0;field_5f300c0c92ddb;0;field_5f300c1492ddc;2;field_5f3241837673f;8000;field_5f61bb06434a8
И1-9;1;ИЗМЕРИТЕЛЬ;0;field_5f300bf892dd9;0;field_5f300c0592dda;0;field_5f300c0c92ddb;0;field_5f300c1492ddc;2;field_5f3241837673f;4500;field_5f61bb06434a8
И1-11;1;ИЗМЕРИТЕЛЬ;0;field_5f300bf892dd9;0;field_5f300c0592dda;0;field_5f300c0c92ddb;0;field_5f300c1492ddc;2;field_5f3241837673f;5500;field_5f61bb06434a8
И1-14;1;ИЗМЕРИТЕЛЬ;0;field_5f300bf892dd9;0;field_5f300c0592dda;0;field_5f300c0c92ddb;0;field_5f300c1492ddc;2;field_5f3241837673f;4500;field_5f61bb06434a8
И1-15 ;1;ИЗМЕРИТЕЛЬ;0;field_5f300bf892dd9;0;field_5f300c0592dda;0;field_5f300c0c92ddb;0;field_5f300c1492ddc;2;field_5f3241837673f;5000;field_5f61bb06434a8
И1-16;1;ИЗМЕРИТЕЛЬ;0;field_5f300bf892dd9;0;field_5f300c0592dda;0;field_5f300c0c92ddb;0;field_5f300c1492ddc;2;field_5f3241837673f;5000;field_5f61bb06434a8
И1-17;1;ИЗМЕРИТЕЛЬ;0;field_5f300bf892dd9;0;field_5f300c0592dda;0;field_5f300c0c92ddb;0;field_5f300c1492ddc;2;field_5f3241837673f;8000;field_5f61bb06434a8
И1-18;1;ИЗМЕРИТЕЛЬ;0;field_5f300bf892dd9;0;field_5f300c0592dda;0;field_5f300c0c92ddb;0;field_5f300c1492ddc;2;field_5f3241837673f;8000;field_5f61bb06434a8
И2-23;1;ИЗМЕРИТЕЛЬ;0;field_5f300bf892dd9;0;field_5f300c0592dda;0;field_5f300c0c92ddb;0;field_5f300c1492ddc;2;field_5f3241837673f;5500;field_5f61bb06434a8
И2-24;1;ИЗМЕРИТЕЛЬ;0;field_5f300bf892dd9;0;field_5f300c0592dda;0;field_5f300c0c92ddb;0;field_5f300c1492ddc;2;field_5f3241837673f;5500;field_5f61bb06434a8
И2-26;1;ИЗМЕРИТЕЛЬ;0;field_5f300bf892dd9;0;field_5f300c0592dda;0;field_5f300c0c92ddb;0;field_5f300c1492ddc;2;field_5f3241837673f;8000;field_5f61bb06434a8
И4-5;1;ИЗМЕРИТЕЛЬ;0;field_5f300bf892dd9;0;field_5f300c0592dda;0;field_5f300c0c92ddb;0;field_5f300c1492ddc;2;field_5f3241837673f;4500;field_5f61bb06434a8
И9-2;1;ИЗМЕРИТЕЛЬ;0;field_5f300bf892dd9;0;field_5f300c0592dda;0;field_5f300c0c92ddb;0;field_5f300c1492ddc;2;field_5f3241837673f;8500;field_5f61bb06434a8
И9-3;0;ИЗМЕРИТЕЛЬ;0;field_5f300bf892dd9;0;field_5f300c0592dda;0;field_5f300c0c92ddb;0;field_5f300c1492ddc;2;field_5f3241837673f;;field_5f61bb06434a8
Л2-22;1;ИЗМЕРИТЕЛЬ;0;field_5f300bf892dd9;0;field_5f300c0592dda;0;field_5f300c0c92ddb;0;field_5f300c1492ddc;2;field_5f3241837673f;3500;field_5f61bb06434a8
Л2-32 (2 блока);1;ИЗМЕРИТЕЛЬ;0;field_5f300bf892dd9;0;field_5f300c0592dda;0;field_5f300c0c92ddb;0;field_5f300c1492ddc;2;field_5f3241837673f;4000;field_5f61bb06434a8
Л2-38;1;ИЗМЕРИТЕЛЬ;0;field_5f300bf892dd9;0;field_5f300c0592dda;0;field_5f300c0c92ddb;0;field_5f300c1492ddc;2;field_5f3241837673f;10000;field_5f61bb06434a8
Л2-42;1;ИЗМЕРИТЕЛЬ;0;field_5f300bf892dd9;0;field_5f300c0592dda;0;field_5f300c0c92ddb;0;field_5f300c1492ddc;2;field_5f3241837673f;5000;field_5f61bb06434a8
Л2-43;1;ИЗМЕРИТЕЛЬ;0;field_5f300bf892dd9;0;field_5f300c0592dda;0;field_5f300c0c92ddb;0;field_5f300c1492ddc;2;field_5f3241837673f;3000;field_5f61bb06434a8
Л2-46;1;ИЗМЕРИТЕЛЬ;0;field_5f300bf892dd9;0;field_5f300c0592dda;0;field_5f300c0c92ddb;0;field_5f300c1492ddc;2;field_5f3241837673f;4000;field_5f61bb06434a8
Л2-47;1;ИЗМЕРИТЕЛЬ;0;field_5f300bf892dd9;0;field_5f300c0592dda;0;field_5f300c0c92ddb;0;field_5f300c1492ddc;2;field_5f3241837673f;1500;field_5f61bb06434a8
Л2-48;1;ИЗМЕРИТЕЛЬ;0;field_5f300bf892dd9;0;field_5f300c0592dda;0;field_5f300c0c92ddb;0;field_5f300c1492ddc;2;field_5f3241837673f;1500;field_5f61bb06434a8
Л2-54;1;ИЗМЕРИТЕЛЬ;0;field_5f300bf892dd9;0;field_5f300c0592dda;0;field_5f300c0c92ddb;0;field_5f300c1492ddc;2;field_5f3241837673f;1000;field_5f61bb06434a8
Л2-56;1;ИЗМЕРИТЕЛЬ;0;field_5f300bf892dd9;0;field_5f300c0592dda;0;field_5f300c0c92ddb;0;field_5f300c1492ddc;2;field_5f3241837673f;15000;field_5f61bb06434a8
Л2-68;1;ИЗМЕРИТЕЛЬ;0;field_5f300bf892dd9;0;field_5f300c0592dda;0;field_5f300c0c92ddb;0;field_5f300c1492ddc;2;field_5f3241837673f;6000;field_5f61bb06434a8
Л2-69 (2 блока);1;ИЗМЕРИТЕЛЬ;0;field_5f300bf892dd9;0;field_5f300c0592dda;0;field_5f300c0c92ddb;0;field_5f300c1492ddc;2;field_5f3241837673f;14000;field_5f61bb06434a8
Л2-70;1;ИЗМЕРИТЕЛЬ;0;field_5f300bf892dd9;0;field_5f300c0592dda;0;field_5f300c0c92ddb;0;field_5f300c1492ddc;2;field_5f3241837673f;10000;field_5f61bb06434a8
Л2-71;1;ИЗМЕРИТЕЛЬ;0;field_5f300bf892dd9;0;field_5f300c0592dda;0;field_5f300c0c92ddb;0;field_5f300c1492ddc;2;field_5f3241837673f;5000;field_5f61bb06434a8
Л2-76;1;ИЗМЕРИТЕЛЬ;0;field_5f300bf892dd9;0;field_5f300c0592dda;0;field_5f300c0c92ddb;0;field_5f300c1492ddc;2;field_5f3241837673f;5000;field_5f61bb06434a8
Л2-77;1;ИЗМЕРИТЕЛЬ;0;field_5f300bf892dd9;0;field_5f300c0592dda;0;field_5f300c0c92ddb;0;field_5f300c1492ddc;2;field_5f3241837673f;2000;field_5f61bb06434a8
Л2-78;1;ИЗМЕРИТЕЛЬ;0;field_5f300bf892dd9;0;field_5f300c0592dda;0;field_5f300c0c92ddb;0;field_5f300c1492ddc;2;field_5f3241837673f;7000;field_5f61bb06434a8
Л2-80;1;ИЗМЕРИТЕЛЬ;0;field_5f300bf892dd9;0;field_5f300c0592dda;0;field_5f300c0c92ddb;0;field_5f300c1492ddc;2;field_5f3241837673f;20000;field_5f61bb06434a8
М3-22А;1;ИЗМЕРИТЕЛЬ;0;field_5f300bf892dd9;0;field_5f300c0592dda;0;field_5f300c0c92ddb;0;field_5f300c1492ddc;2;field_5f3241837673f;4000;field_5f61bb06434a8
М3-45;1;ИЗМЕРИТЕЛЬ;0;field_5f300bf892dd9;0;field_5f300c0592dda;0;field_5f300c0c92ddb;0;field_5f300c1492ddc;2;field_5f3241837673f;5000;field_5f61bb06434a8
М3-46;1;ИЗМЕРИТЕЛЬ;0;field_5f300bf892dd9;0;field_5f300c0592dda;0;field_5f300c0c92ddb;0;field_5f300c1492ddc;2;field_5f3241837673f;5000;field_5f61bb06434a8
М3-47;1;ИЗМЕРИТЕЛЬ;0;field_5f300bf892dd9;0;field_5f300c0592dda;0;field_5f300c0c92ddb;0;field_5f300c1492ddc;2;field_5f3241837673f;5000;field_5f61bb06434a8
М3-48 (все до М3-54 включительно);1;ИЗМЕРИТЕЛЬ;0;field_5f300bf892dd9;0;field_5f300c0592dda;0;field_5f300c0c92ddb;0;field_5f300c1492ddc;2;field_5f3241837673f;5000;field_5f61bb06434a8
Р2-44 (2 блока);1;КСВН ИЗМЕРИТЕЛЬ;0;field_5f300bf892dd9;0;field_5f300c0592dda;0;field_5f300c0c92ddb;0;field_5f300c1492ddc;2;field_5f3241837673f;8000;field_5f61bb06434a8
Р2-47 (2 блока);1;КСВН ИЗМЕРИТЕЛЬ;0;field_5f300bf892dd9;0;field_5f300c0592dda;0;field_5f300c0c92ddb;0;field_5f300c1492ddc;2;field_5f3241837673f;8000;field_5f61bb06434a8
Р2-50 (2 блока);1;КСВН ИЗМЕРИТЕЛЬ;0;field_5f300bf892dd9;0;field_5f300c0592dda;0;field_5f300c0c92ddb;0;field_5f300c1492ddc;2;field_5f3241837673f;8000;field_5f61bb06434a8
Р2-52;1;КСВН ИЗМЕРИТЕЛЬ;0;field_5f300bf892dd9;0;field_5f300c0592dda;0;field_5f300c0c92ddb;0;field_5f300c1492ddc;2;field_5f3241837673f;30000;field_5f61bb06434a8
Р2-53;1;КСВН ИЗМЕРИТЕЛЬ;0;field_5f300bf892dd9;0;field_5f300c0592dda;0;field_5f300c0c92ddb;0;field_5f300c1492ddc;2;field_5f3241837673f;30000;field_5f61bb06434a8
Р2-54;1;КСВН ИЗМЕРИТЕЛЬ;0;field_5f300bf892dd9;0;field_5f300c0592dda;0;field_5f300c0c92ddb;0;field_5f300c1492ddc;2;field_5f3241837673f;12000;field_5f61bb06434a8
Р2-56;1;КСВН ИЗМЕРИТЕЛЬ;0;field_5f300bf892dd9;0;field_5f300c0592dda;0;field_5f300c0c92ddb;0;field_5f300c1492ddc;2;field_5f3241837673f;12000;field_5f61bb06434a8
Р2-57;1;КСВН ИЗМЕРИТЕЛЬ;0;field_5f300bf892dd9;0;field_5f300c0592dda;0;field_5f300c0c92ddb;0;field_5f300c1492ddc;2;field_5f3241837673f;14000;field_5f61bb06434a8
Р2-58;1;КСВН ИЗМЕРИТЕЛЬ;0;field_5f300bf892dd9;0;field_5f300c0592dda;0;field_5f300c0c92ddb;0;field_5f300c1492ddc;2;field_5f3241837673f;14000;field_5f61bb06434a8
Р2-59;1;КСВН ИЗМЕРИТЕЛЬ;0;field_5f300bf892dd9;0;field_5f300c0592dda;0;field_5f300c0c92ddb;0;field_5f300c1492ddc;2;field_5f3241837673f;15000;field_5f61bb06434a8
Р2-60;1;КСВН ИЗМЕРИТЕЛЬ;0;field_5f300bf892dd9;0;field_5f300c0592dda;0;field_5f300c0c92ddb;0;field_5f300c1492ddc;2;field_5f3241837673f;15000;field_5f61bb06434a8
Р2-65 (2 блока);1;КСВН ИЗМЕРИТЕЛЬ;0;field_5f300bf892dd9;0;field_5f300c0592dda;0;field_5f300c0c92ddb;0;field_5f300c1492ddc;2;field_5f3241837673f;12000;field_5f61bb06434a8
Р2-66 (2 блока);1;КСВН ИЗМЕРИТЕЛЬ;0;field_5f300bf892dd9;0;field_5f300c0592dda;0;field_5f300c0c92ddb;0;field_5f300c1492ddc;2;field_5f3241837673f;12000;field_5f61bb06434a8
Р2-67 (2 блока);1;КСВН ИЗМЕРИТЕЛЬ;0;field_5f300bf892dd9;0;field_5f300c0592dda;0;field_5f300c0c92ddb;0;field_5f300c1492ddc;2;field_5f3241837673f;12000;field_5f61bb06434a8
Р2-68 (2 блока);1;КСВН ИЗМЕРИТЕЛЬ;0;field_5f300bf892dd9;0;field_5f300c0592dda;0;field_5f300c0c92ddb;0;field_5f300c1492ddc;2;field_5f3241837673f;12000;field_5f61bb06434a8
Р2-69 (2 блока);1;КСВН ИЗМЕРИТЕЛЬ;0;field_5f300bf892dd9;0;field_5f300c0592dda;0;field_5f300c0c92ddb;0;field_5f300c1492ddc;2;field_5f3241837673f;12000;field_5f61bb06434a8
Р2-71 (2 блока);1;КСВН ИЗМЕРИТЕЛЬ;0;field_5f300bf892dd9;0;field_5f300c0592dda;0;field_5f300c0c92ddb;0;field_5f300c1492ddc;2;field_5f3241837673f;12000;field_5f61bb06434a8
Р2-73;1;КСВН ИЗМЕРИТЕЛЬ;0;field_5f300bf892dd9;0;field_5f300c0592dda;0;field_5f300c0c92ddb;0;field_5f300c1492ddc;2;field_5f3241837673f;20000;field_5f61bb06434a8
Р2-75;1;КСВН ИЗМЕРИТЕЛЬ;0;field_5f300bf892dd9;0;field_5f300c0592dda;0;field_5f300c0c92ddb;0;field_5f300c1492ddc;2;field_5f3241837673f;20000;field_5f61bb06434a8
Р2-78;1;КСВН ИЗМЕРИТЕЛЬ;0;field_5f300bf892dd9;0;field_5f300c0592dda;0;field_5f300c0c92ddb;0;field_5f300c1492ddc;2;field_5f3241837673f;20000;field_5f61bb06434a8
Р2-83;1;КСВН ИЗМЕРИТЕЛЬ;0;field_5f300bf892dd9;0;field_5f300c0592dda;0;field_5f300c0c92ddb;0;field_5f300c1492ddc;2;field_5f3241837673f;22000;field_5f61bb06434a8
Р2-86;1;КСВН ИЗМЕРИТЕЛЬ;0;field_5f300bf892dd9;0;field_5f300c0592dda;0;field_5f300c0c92ddb;0;field_5f300c1492ddc;2;field_5f3241837673f;22000;field_5f61bb06434a8
Р2-102;1;КСВН ИЗМЕРИТЕЛЬ;0;field_5f300bf892dd9;0;field_5f300c0592dda;0;field_5f300c0c92ddb;0;field_5f300c1492ddc;2;field_5f3241837673f;25000;field_5f61bb06434a8
Р2-103;1;КСВН ИЗМЕРИТЕЛЬ;0;field_5f300bf892dd9;0;field_5f300c0592dda;0;field_5f300c0c92ddb;0;field_5f300c1492ddc;2;field_5f3241837673f;25000;field_5f61bb06434a8
Р2-104;1;КСВН ИЗМЕРИТЕЛЬ;0;field_5f300bf892dd9;0;field_5f300c0592dda;0;field_5f300c0c92ddb;0;field_5f300c1492ddc;2;field_5f3241837673f;25000;field_5f61bb06434a8
Р2-107;1;КСВН ИЗМЕРИТЕЛЬ;0;field_5f300bf892dd9;0;field_5f300c0592dda;0;field_5f300c0c92ddb;0;field_5f300c1492ddc;2;field_5f3241837673f;25000;field_5f61bb06434a8
Р2-108;1;КСВН ИЗМЕРИТЕЛЬ;0;field_5f300bf892dd9;0;field_5f300c0592dda;0;field_5f300c0c92ddb;0;field_5f300c1492ddc;2;field_5f3241837673f;25000;field_5f61bb06434a8
Р2-112;1;КСВН ИЗМЕРИТЕЛЬ;0;field_5f300bf892dd9;0;field_5f300c0592dda;0;field_5f300c0c92ddb;0;field_5f300c1492ddc;2;field_5f3241837673f;25000;field_5f61bb06434a8
Р2-116;1;КСВН ИЗМЕРИТЕЛЬ;0;field_5f300bf892dd9;0;field_5f300c0592dda;0;field_5f300c0c92ddb;0;field_5f300c1492ddc;2;field_5f3241837673f;25000;field_5f61bb06434a8
Р4-11 (3 блока);1;КСВН ИЗМЕРИТЕЛЬ;0;field_5f300bf892dd9;0;field_5f300c0592dda;0;field_5f300c0c92ddb;0;field_5f300c1492ddc;2;field_5f3241837673f;15000;field_5f61bb06434a8
Р4-23;1;КСВН ИЗМЕРИТЕЛЬ;0;field_5f300bf892dd9;0;field_5f300c0592dda;0;field_5f300c0c92ddb;0;field_5f300c1492ddc;2;field_5f3241837673f;20000;field_5f61bb06434a8
Р4-36;1;КСВН ИЗМЕРИТЕЛЬ;0;field_5f300bf892dd9;0;field_5f300c0592dda;0;field_5f300c0c92ddb;0;field_5f300c1492ddc;2;field_5f3241837673f;30000;field_5f61bb06434a8
Р4-37;1;КСВН ИЗМЕРИТЕЛЬ;0;field_5f300bf892dd9;0;field_5f300c0592dda;0;field_5f300c0c92ddb;0;field_5f300c1492ddc;2;field_5f3241837673f;30000;field_5f61bb06434a8
Р4-38;1;КСВН ИЗМЕРИТЕЛЬ;0;field_5f300bf892dd9;0;field_5f300c0592dda;0;field_5f300c0c92ddb;0;field_5f300c1492ddc;2;field_5f3241837673f;30000;field_5f61bb06434a8
РК2-47;1;КСВН ИЗМЕРИТЕЛЬ;0;field_5f300bf892dd9;0;field_5f300c0592dda;0;field_5f300c0c92ddb;0;field_5f300c1492ddc;2;field_5f3241837673f;7500;field_5f61bb06434a8
C1-48;1;ОСЦИЛЛОГРАФ;0;field_5f300bf892dd9;0;field_5f300c0592dda;0;field_5f300c0c92ddb;0;field_5f300c1492ddc;2;field_5f3241837673f;1500;field_5f61bb06434a8
C1-49;1;ОСЦИЛЛОГРАФ;0;field_5f300bf892dd9;0;field_5f300c0592dda;0;field_5f300c0c92ddb;0;field_5f300c1492ddc;2;field_5f3241837673f;500;field_5f61bb06434a8
C1-55;1;ОСЦИЛЛОГРАФ;0;field_5f300bf892dd9;0;field_5f300c0592dda;0;field_5f300c0c92ddb;0;field_5f300c1492ddc;2;field_5f3241837673f;2000;field_5f61bb06434a8
C1-57;1;ОСЦИЛЛОГРАФ;0;field_5f300bf892dd9;0;field_5f300c0592dda;0;field_5f300c0c92ddb;0;field_5f300c1492ddc;2;field_5f3241837673f;4000;field_5f61bb06434a8
C1-59;1;ОСЦИЛЛОГРАФ;0;field_5f300bf892dd9;0;field_5f300c0592dda;0;field_5f300c0c92ddb;0;field_5f300c1492ddc;2;field_5f3241837673f;1000;field_5f61bb06434a8
C1-63;1;ОСЦИЛЛОГРАФ;0;field_5f300bf892dd9;0;field_5f300c0592dda;0;field_5f300c0c92ddb;0;field_5f300c1492ddc;2;field_5f3241837673f;2500;field_5f61bb06434a8
C1-64;1;ОСЦИЛЛОГРАФ;0;field_5f300bf892dd9;0;field_5f300c0592dda;0;field_5f300c0c92ddb;0;field_5f300c1492ddc;2;field_5f3241837673f;8500;field_5f61bb06434a8
C1-64А;1;ОСЦИЛЛОГРАФ;0;field_5f300bf892dd9;0;field_5f300c0592dda;0;field_5f300c0c92ddb;0;field_5f300c1492ddc;2;field_5f3241837673f;7000;field_5f61bb06434a8
C1-65;1;ОСЦИЛЛОГРАФ;0;field_5f300bf892dd9;0;field_5f300c0592dda;0;field_5f300c0c92ddb;0;field_5f300c1492ddc;2;field_5f3241837673f;3500;field_5f61bb06434a8
C1-65A;1;ОСЦИЛЛОГРАФ;0;field_5f300bf892dd9;0;field_5f300c0592dda;0;field_5f300c0c92ddb;0;field_5f300c1492ddc;2;field_5f3241837673f;3000;field_5f61bb06434a8
C1-67;1;ОСЦИЛЛОГРАФ;0;field_5f300bf892dd9;0;field_5f300c0592dda;0;field_5f300c0c92ddb;0;field_5f300c1492ddc;2;field_5f3241837673f;700;field_5f61bb06434a8
C1-68;1;ОСЦИЛЛОГРАФ;0;field_5f300bf892dd9;0;field_5f300c0592dda;0;field_5f300c0c92ddb;0;field_5f300c1492ddc;2;field_5f3241837673f;700;field_5f61bb06434a8
C1-69;1;ОСЦИЛЛОГРАФ;0;field_5f300bf892dd9;0;field_5f300c0592dda;0;field_5f300c0c92ddb;0;field_5f300c1492ddc;2;field_5f3241837673f;2500;field_5f61bb06434a8
C1-70;1;ОСЦИЛЛОГРАФ;0;field_5f300bf892dd9;0;field_5f300c0592dda;0;field_5f300c0c92ddb;0;field_5f300c1492ddc;2;field_5f3241837673f;7000;field_5f61bb06434a8
C1-71;1;ОСЦИЛЛОГРАФ;0;field_5f300bf892dd9;0;field_5f300c0592dda;0;field_5f300c0c92ddb;0;field_5f300c1492ddc;2;field_5f3241837673f;4500;field_5f61bb06434a8
C1-73;1;ОСЦИЛЛОГРАФ;0;field_5f300bf892dd9;0;field_5f300c0592dda;0;field_5f300c0c92ddb;0;field_5f300c1492ddc;2;field_5f3241837673f;1500;field_5f61bb06434a8
C1-74;1;ОСЦИЛЛОГРАФ;0;field_5f300bf892dd9;0;field_5f300c0592dda;0;field_5f300c0c92ddb;0;field_5f300c1492ddc;2;field_5f3241837673f;8500;field_5f61bb06434a8
C1-75 (до 88 года);1;ОСЦИЛЛОГРАФ;0;field_5f300bf892dd9;0;field_5f300c0592dda;0;field_5f300c0c92ddb;0;field_5f300c1492ddc;2;field_5f3241837673f;6000;field_5f61bb06434a8
C1-75 ( после 88 года);1;ОСЦИЛЛОГРАФ;0;field_5f300bf892dd9;0;field_5f300c0592dda;0;field_5f300c0c92ddb;0;field_5f300c1492ddc;2;field_5f3241837673f;3500;field_5f61bb06434a8
C1-76;1;ОСЦИЛЛОГРАФ;0;field_5f300bf892dd9;0;field_5f300c0592dda;0;field_5f300c0c92ddb;0;field_5f300c1492ddc;2;field_5f3241837673f;2500;field_5f61bb06434a8
C1-77;1;ОСЦИЛЛОГРАФ;0;field_5f300bf892dd9;0;field_5f300c0592dda;0;field_5f300c0c92ddb;0;field_5f300c1492ddc;2;field_5f3241837673f;3000;field_5f61bb06434a8
C1-78;1;ОСЦИЛЛОГРАФ;0;field_5f300bf892dd9;0;field_5f300c0592dda;0;field_5f300c0c92ddb;0;field_5f300c1492ddc;2;field_5f3241837673f;15000;field_5f61bb06434a8
C1-79;1;ОСЦИЛЛОГРАФ;0;field_5f300bf892dd9;0;field_5f300c0592dda;0;field_5f300c0c92ddb;0;field_5f300c1492ddc;2;field_5f3241837673f;8000;field_5f61bb06434a8
C1-81;1;ОСЦИЛЛОГРАФ;0;field_5f300bf892dd9;0;field_5f300c0592dda;0;field_5f300c0c92ddb;0;field_5f300c1492ddc;2;field_5f3241837673f;5500;field_5f61bb06434a8
C1-82;1;ОСЦИЛЛОГРАФ;0;field_5f300bf892dd9;0;field_5f300c0592dda;0;field_5f300c0c92ddb;0;field_5f300c1492ddc;2;field_5f3241837673f;6500;field_5f61bb06434a8
C1-83;1;ОСЦИЛЛОГРАФ;0;field_5f300bf892dd9;0;field_5f300c0592dda;0;field_5f300c0c92ddb;0;field_5f300c1492ddc;2;field_5f3241837673f;4000;field_5f61bb06434a8
C1-85;1;ОСЦИЛЛОГРАФ;0;field_5f300bf892dd9;0;field_5f300c0592dda;0;field_5f300c0c92ddb;0;field_5f300c1492ddc;2;field_5f3241837673f;10000;field_5f61bb06434a8
C1-91;1;ОСЦИЛЛОГРАФ;0;field_5f300bf892dd9;0;field_5f300c0592dda;0;field_5f300c0c92ddb;0;field_5f300c1492ddc;2;field_5f3241837673f;16000;field_5f61bb06434a8
C1-92;1;ОСЦИЛЛОГРАФ;0;field_5f300bf892dd9;0;field_5f300c0592dda;0;field_5f300c0c92ddb;0;field_5f300c1492ddc;2;field_5f3241837673f;20000;field_5f61bb06434a8
C1-93;1;ОСЦИЛЛОГРАФ;0;field_5f300bf892dd9;0;field_5f300c0592dda;0;field_5f300c0c92ddb;0;field_5f300c1492ddc;2;field_5f3241837673f;6500;field_5f61bb06434a8
C1-96;1;ОСЦИЛЛОГРАФ;0;field_5f300bf892dd9;0;field_5f300c0592dda;0;field_5f300c0c92ddb;0;field_5f300c1492ddc;2;field_5f3241837673f;5500;field_5f61bb06434a8
C1-97;1;ОСЦИЛЛОГРАФ;0;field_5f300bf892dd9;0;field_5f300c0592dda;0;field_5f300c0c92ddb;0;field_5f300c1492ddc;2;field_5f3241837673f;6500;field_5f61bb06434a8
C1-98;1;ОСЦИЛЛОГРАФ;0;field_5f300bf892dd9;0;field_5f300c0592dda;0;field_5f300c0c92ddb;0;field_5f300c1492ddc;2;field_5f3241837673f;17000;field_5f61bb06434a8
C1-99;1;ОСЦИЛЛОГРАФ;0;field_5f300bf892dd9;0;field_5f300c0592dda;0;field_5f300c0c92ddb;0;field_5f300c1492ddc;2;field_5f3241837673f;10000;field_5f61bb06434a8
С1-101;1;ОСЦИЛЛОГРАФ;0;field_5f300bf892dd9;0;field_5f300c0592dda;0;field_5f300c0c92ddb;0;field_5f300c1492ddc;2;field_5f3241837673f;1500;field_5f61bb06434a8
C1-102;1;ОСЦИЛЛОГРАФ;0;field_5f300bf892dd9;0;field_5f300c0592dda;0;field_5f300c0c92ddb;0;field_5f300c1492ddc;2;field_5f3241837673f;12000;field_5f61bb06434a8
С1-103;1;ОСЦИЛЛОГРАФ;0;field_5f300bf892dd9;0;field_5f300c0592dda;0;field_5f300c0c92ddb;0;field_5f300c1492ddc;2;field_5f3241837673f;17000;field_5f61bb06434a8
C1-104;1;ОСЦИЛЛОГРАФ;0;field_5f300bf892dd9;0;field_5f300c0592dda;0;field_5f300c0c92ddb;0;field_5f300c1492ddc;2;field_5f3241837673f;15000;field_5f61bb06434a8
C1-107;1;ОСЦИЛЛОГРАФ;0;field_5f300bf892dd9;0;field_5f300c0592dda;0;field_5f300c0c92ddb;0;field_5f300c1492ddc;2;field_5f3241837673f;2000;field_5f61bb06434a8
C1-108;1;ОСЦИЛЛОГРАФ;0;field_5f300bf892dd9;0;field_5f300c0592dda;0;field_5f300c0c92ddb;0;field_5f300c1492ddc;2;field_5f3241837673f;8000;field_5f61bb06434a8
C1-114;1;ОСЦИЛЛОГРАФ;0;field_5f300bf892dd9;0;field_5f300c0592dda;0;field_5f300c0c92ddb;0;field_5f300c1492ddc;2;field_5f3241837673f;8000;field_5f61bb06434a8
C1-114/1;1;ОСЦИЛЛОГРАФ;0;field_5f300bf892dd9;0;field_5f300c0592dda;0;field_5f300c0c92ddb;0;field_5f300c1492ddc;2;field_5f3241837673f;8000;field_5f61bb06434a8
C1-115;1;ОСЦИЛЛОГРАФ;0;field_5f300bf892dd9;0;field_5f300c0592dda;0;field_5f300c0c92ddb;0;field_5f300c1492ddc;2;field_5f3241837673f;10000;field_5f61bb06434a8
C1-116;1;ОСЦИЛЛОГРАФ;0;field_5f300bf892dd9;0;field_5f300c0592dda;0;field_5f300c0c92ddb;0;field_5f300c1492ddc;2;field_5f3241837673f;10.000;field_5f61bb06434a8
C1-117 (с 91года -20%);1;ОСЦИЛЛОГРАФ;0;field_5f300bf892dd9;0;field_5f300c0592dda;0;field_5f300c0c92ddb;0;field_5f300c1492ddc;2;field_5f3241837673f;8000;field_5f61bb06434a8
C1-117/1 (после 92 года -50%);1;ОСЦИЛЛОГРАФ;0;field_5f300bf892dd9;0;field_5f300c0592dda;0;field_5f300c0c92ddb;0;field_5f300c1492ddc;2;field_5f3241837673f;8000;field_5f61bb06434a8
C1-120;1;ОСЦИЛЛОГРАФ;0;field_5f300bf892dd9;0;field_5f300c0592dda;0;field_5f300c0c92ddb;0;field_5f300c1492ddc;2;field_5f3241837673f;15000;field_5f61bb06434a8
C1-121;1;ОСЦИЛЛОГРАФ;0;field_5f300bf892dd9;0;field_5f300c0592dda;0;field_5f300c0c92ddb;0;field_5f300c1492ddc;2;field_5f3241837673f;15000;field_5f61bb06434a8
C1-122 (А), (А5);1;ОСЦИЛЛОГРАФ;0;field_5f300bf892dd9;0;field_5f300c0592dda;0;field_5f300c0c92ddb;0;field_5f300c1492ddc;2;field_5f3241837673f;10000;field_5f61bb06434a8
C1-122 (А), (А5) (с доп. Блоками);1;ОСЦИЛЛОГРАФ;0;field_5f300bf892dd9;0;field_5f300c0592dda;0;field_5f300c0c92ddb;0;field_5f300c1492ddc;2;field_5f3241837673f;15000;field_5f61bb06434a8
C1-124;1;ОСЦИЛЛОГРАФ;0;field_5f300bf892dd9;0;field_5f300c0592dda;0;field_5f300c0c92ddb;0;field_5f300c1492ddc;2;field_5f3241837673f;2000;field_5f61bb06434a8
C1-125;1;ОСЦИЛЛОГРАФ;0;field_5f300bf892dd9;0;field_5f300c0592dda;0;field_5f300c0c92ddb;0;field_5f300c1492ddc;2;field_5f3241837673f;3000;field_5f61bb06434a8
C1-126;1;ОСЦИЛЛОГРАФ;0;field_5f300bf892dd9;0;field_5f300c0592dda;0;field_5f300c0c92ddb;0;field_5f300c1492ddc;2;field_5f3241837673f;3500;field_5f61bb06434a8
C1-127;1;ОСЦИЛЛОГРАФ;0;field_5f300bf892dd9;0;field_5f300c0592dda;0;field_5f300c0c92ddb;0;field_5f300c1492ddc;2;field_5f3241837673f;3000;field_5f61bb06434a8
С1-128;1;ОСЦИЛЛОГРАФ;0;field_5f300bf892dd9;0;field_5f300c0592dda;0;field_5f300c0c92ddb;0;field_5f300c1492ddc;2;field_5f3241837673f;3000;field_5f61bb06434a8
С1-129;1;ОСЦИЛЛОГРАФ;0;field_5f300bf892dd9;0;field_5f300c0592dda;0;field_5f300c0c92ddb;0;field_5f300c1492ddc;2;field_5f3241837673f;3000;field_5f61bb06434a8
C1-130;1;ОСЦИЛЛОГРАФ;0;field_5f300bf892dd9;0;field_5f300c0592dda;0;field_5f300c0c92ddb;0;field_5f300c1492ddc;2;field_5f3241837673f;2000;field_5f61bb06434a8
C1-131;1;ОСЦИЛЛОГРАФ;0;field_5f300bf892dd9;0;field_5f300c0592dda;0;field_5f300c0c92ddb;0;field_5f300c1492ddc;2;field_5f3241837673f;1000;field_5f61bb06434a8
C1-137;1;ОСЦИЛЛОГРАФ;0;field_5f300bf892dd9;0;field_5f300c0592dda;0;field_5f300c0c92ddb;0;field_5f300c1492ddc;2;field_5f3241837673f;1000;field_5f61bb06434a8
C1-139;1;ОСЦИЛЛОГРАФ;0;field_5f300bf892dd9;0;field_5f300c0592dda;0;field_5f300c0c92ddb;0;field_5f300c1492ddc;2;field_5f3241837673f;1000;field_5f61bb06434a8
C1-154;1;ОСЦИЛЛОГРАФ;0;field_5f300bf892dd9;0;field_5f300c0592dda;0;field_5f300c0c92ddb;0;field_5f300c1492ddc;2;field_5f3241837673f;5000;field_5f61bb06434a8
C1-155;1;ОСЦИЛЛОГРАФ;0;field_5f300bf892dd9;0;field_5f300c0592dda;0;field_5f300c0c92ddb;0;field_5f300c1492ddc;2;field_5f3241837673f;5000;field_5f61bb06434a8
C7-12;1;ОСЦИЛЛОГРАФ;0;field_5f300bf892dd9;0;field_5f300c0592dda;0;field_5f300c0c92ddb;0;field_5f300c1492ddc;2;field_5f3241837673f;5000;field_5f61bb06434a8
C7-13;1;ОСЦИЛЛОГРАФ;0;field_5f300bf892dd9;0;field_5f300c0592dda;0;field_5f300c0c92ddb;0;field_5f300c1492ddc;2;field_5f3241837673f;5000;field_5f61bb06434a8
C7-16;1;ОСЦИЛЛОГРАФ;0;field_5f300bf892dd9;0;field_5f300c0592dda;0;field_5f300c0c92ddb;0;field_5f300c1492ddc;2;field_5f3241837673f;15000;field_5f61bb06434a8
C7-17;1;ОСЦИЛЛОГРАФ;0;field_5f300bf892dd9;0;field_5f300c0592dda;0;field_5f300c0c92ddb;0;field_5f300c1492ddc;2;field_5f3241837673f;15000;field_5f61bb06434a8
C7-19;1;ОСЦИЛЛОГРАФ;0;field_5f300bf892dd9;0;field_5f300c0592dda;0;field_5f300c0c92ddb;0;field_5f300c1492ddc;2;field_5f3241837673f;4000;field_5f61bb06434a8
C8-12;1;ОСЦИЛЛОГРАФ;0;field_5f300bf892dd9;0;field_5f300c0592dda;0;field_5f300c0c92ddb;0;field_5f300c1492ddc;2;field_5f3241837673f;4000;field_5f61bb06434a8
C8-13;1;ОСЦИЛЛОГРАФ;0;field_5f300bf892dd9;0;field_5f300c0592dda;0;field_5f300c0c92ddb;0;field_5f300c1492ddc;2;field_5f3241837673f;4000;field_5f61bb06434a8
C8-14;1;ОСЦИЛЛОГРАФ;0;field_5f300bf892dd9;0;field_5f300c0592dda;0;field_5f300c0c92ddb;0;field_5f300c1492ddc;2;field_5f3241837673f;4000;field_5f61bb06434a8
C8-15;1;ОСЦИЛЛОГРАФ;0;field_5f300bf892dd9;0;field_5f300c0592dda;0;field_5f300c0c92ddb;0;field_5f300c1492ddc;2;field_5f3241837673f;4000;field_5f61bb06434a8
C8-17;1;ОСЦИЛЛОГРАФ;0;field_5f300bf892dd9;0;field_5f300c0592dda;0;field_5f300c0c92ddb;0;field_5f300c1492ddc;2;field_5f3241837673f;4000;field_5f61bb06434a8
C9-1;1;ОСЦИЛЛОГРАФ;0;field_5f300bf892dd9;0;field_5f300c0592dda;0;field_5f300c0c92ddb;0;field_5f300c1492ddc;2;field_5f3241837673f;8000;field_5f61bb06434a8
C9-4;1;ОСЦИЛЛОГРАФ;0;field_5f300bf892dd9;0;field_5f300c0592dda;0;field_5f300c0c92ddb;0;field_5f300c1492ddc;2;field_5f3241837673f;4500;field_5f61bb06434a8
C9-5;1;ОСЦИЛЛОГРАФ;0;field_5f300bf892dd9;0;field_5f300c0592dda;0;field_5f300c0c92ddb;0;field_5f300c1492ddc;2;field_5f3241837673f;12000;field_5f61bb06434a8
C9-6;1;ОСЦИЛЛОГРАФ;0;field_5f300bf892dd9;0;field_5f300c0592dda;0;field_5f300c0c92ddb;0;field_5f300c1492ddc;2;field_5f3241837673f;12000;field_5f61bb06434a8
C9-7;1;ОСЦИЛЛОГРАФ;0;field_5f300bf892dd9;0;field_5f300c0592dda;0;field_5f300c0c92ddb;0;field_5f300c1492ddc;2;field_5f3241837673f;7000;field_5f61bb06434a8
C9-8;1;ОСЦИЛЛОГРАФ;0;field_5f300bf892dd9;0;field_5f300c0592dda;0;field_5f300c0c92ddb;0;field_5f300c1492ddc;2;field_5f3241837673f;12000;field_5f61bb06434a8
C9-9 (2 блока);1;ОСЦИЛЛОГРАФ;0;field_5f300bf892dd9;0;field_5f300c0592dda;0;field_5f300c0c92ddb;0;field_5f300c1492ddc;2;field_5f3241837673f;20000;field_5f61bb06434a8
С9-10;1;ОСЦИЛЛОГРАФ;0;field_5f300bf892dd9;0;field_5f300c0592dda;0;field_5f300c0c92ddb;0;field_5f300c1492ddc;2;field_5f3241837673f;10000;field_5f61bb06434a8
С9-14;1;ОСЦИЛЛОГРАФ;0;field_5f300bf892dd9;0;field_5f300c0592dda;0;field_5f300c0c92ddb;0;field_5f300c1492ddc;2;field_5f3241837673f;15000;field_5f61bb06434a8
С9-16;1;ОСЦИЛЛОГРАФ;0;field_5f300bf892dd9;0;field_5f300c0592dda;0;field_5f300c0c92ddb;0;field_5f300c1492ddc;2;field_5f3241837673f;15000;field_5f61bb06434a8
C9-18;1;ОСЦИЛЛОГРАФ;0;field_5f300bf892dd9;0;field_5f300c0592dda;0;field_5f300c0c92ddb;0;field_5f300c1492ddc;2;field_5f3241837673f;12000;field_5f61bb06434a8
C9-27 (после 90 года 7000);1;ОСЦИЛЛОГРАФ;0;field_5f300bf892dd9;0;field_5f300c0592dda;0;field_5f300c0c92ddb;0;field_5f300c1492ddc;2;field_5f3241837673f;15000;field_5f61bb06434a8
C9-28 (после 90 года 7000);1;ОСЦИЛЛОГРАФ;0;field_5f300bf892dd9;0;field_5f300c0592dda;0;field_5f300c0c92ddb;0;field_5f300c1492ddc;2;field_5f3241837673f;;field_5f61bb06434a8
CК1-95;1;ОСЦИЛЛОГРАФ;0;field_5f300bf892dd9;0;field_5f300c0592dda;0;field_5f300c0c92ddb;0;field_5f300c1492ddc;2;field_5f3241837673f;15000;field_5f61bb06434a8
СК1-110;1;ОСЦИЛЛОГРАФ;0;field_5f300bf892dd9;0;field_5f300c0592dda;0;field_5f300c0c92ddb;0;field_5f300c1492ddc;2;field_5f3241837673f;15000;field_5f61bb06434a8
СК1-111;1;ОСЦИЛЛОГРАФ;0;field_5f300bf892dd9;0;field_5f300c0592dda;0;field_5f300c0c92ddb;0;field_5f300c1492ddc;2;field_5f3241837673f;15000;field_5f61bb06434a8
X1-42;1;ИЗМЕРИТЕЛЬ АЧХ;0;field_5f300bf892dd9;0;field_5f300c0592dda;0;field_5f300c0c92ddb;0;field_5f300c1492ddc;2;field_5f3241837673f;7000;field_5f61bb06434a8
X1-43 (2 блока);1;ИЗМЕРИТЕЛЬ АЧХ;0;field_5f300bf892dd9;0;field_5f300c0592dda;0;field_5f300c0c92ddb;0;field_5f300c1492ddc;2;field_5f3241837673f;10000;field_5f61bb06434a8
X1-46 (2 блока);1;ИЗМЕРИТЕЛЬ АЧХ;0;field_5f300bf892dd9;0;field_5f300c0592dda;0;field_5f300c0c92ddb;0;field_5f300c1492ddc;2;field_5f3241837673f;10000;field_5f61bb06434a8
X1-47;1;ИЗМЕРИТЕЛЬ АЧХ;0;field_5f300bf892dd9;0;field_5f300c0592dda;0;field_5f300c0c92ddb;0;field_5f300c1492ddc;2;field_5f3241837673f;6000;field_5f61bb06434a8
X1-48;1;ИЗМЕРИТЕЛЬ АЧХ;0;field_5f300bf892dd9;0;field_5f300c0592dda;0;field_5f300c0c92ddb;0;field_5f300c1492ddc;2;field_5f3241837673f;6000;field_5f61bb06434a8
X1-49 (с Преобразователем);1;ИЗМЕРИТЕЛЬ АЧХ;0;field_5f300bf892dd9;0;field_5f300c0592dda;0;field_5f300c0c92ddb;0;field_5f300c1492ddc;2;field_5f3241837673f;10000;field_5f61bb06434a8
X1-49 (без 2-го блока);1;ИЗМЕРИТЕЛЬ АЧХ;0;field_5f300bf892dd9;0;field_5f300c0592dda;0;field_5f300c0c92ddb;0;field_5f300c1492ddc;2;field_5f3241837673f;6000;field_5f61bb06434a8
X1-53 (2 блока);1;ИЗМЕРИТЕЛЬ АЧХ;0;field_5f300bf892dd9;0;field_5f300c0592dda;0;field_5f300c0c92ddb;0;field_5f300c1492ddc;2;field_5f3241837673f;25000;field_5f61bb06434a8
X1-54 (2 блока);1;ИЗМЕРИТЕЛЬ АЧХ;0;field_5f300bf892dd9;0;field_5f300c0592dda;0;field_5f300c0c92ddb;0;field_5f300c1492ddc;2;field_5f3241837673f;20000;field_5f61bb06434a8
X1-55 (2 блока);1;ИЗМЕРИТЕЛЬ АЧХ;0;field_5f300bf892dd9;0;field_5f300c0592dda;0;field_5f300c0c92ddb;0;field_5f300c1492ddc;2;field_5f3241837673f;18000;field_5f61bb06434a8
X1-56;1;ИЗМЕРИТЕЛЬ АЧХ;0;field_5f300bf892dd9;0;field_5f300c0592dda;0;field_5f300c0c92ddb;0;field_5f300c1492ddc;2;field_5f3241837673f;12000;field_5f61bb06434a8
Ч1-50;1;ЧАСТОТОМЕР;0;field_5f300bf892dd9;0;field_5f300c0592dda;0;field_5f300c0c92ddb;0;field_5f300c1492ddc;2;field_5f3241837673f;5500;field_5f61bb06434a8
Ч1-53;1;ЧАСТОТОМЕР;0;field_5f300bf892dd9;0;field_5f300c0592dda;0;field_5f300c0c92ddb;0;field_5f300c1492ddc;2;field_5f3241837673f;5500;field_5f61bb06434a8
Ч1-68;1;ЧАСТОТОМЕР;0;field_5f300bf892dd9;0;field_5f300c0592dda;0;field_5f300c0c92ddb;0;field_5f300c1492ddc;2;field_5f3241837673f;4000;field_5f61bb06434a8
Ч1-69;1;ЧАСТОТОМЕР;0;field_5f300bf892dd9;0;field_5f300c0592dda;0;field_5f300c0c92ddb;0;field_5f300c1492ddc;2;field_5f3241837673f;4000;field_5f61bb06434a8
Ч1-70;1;ЧАСТОТОМЕР;0;field_5f300bf892dd9;0;field_5f300c0592dda;0;field_5f300c0c92ddb;0;field_5f300c1492ddc;2;field_5f3241837673f;4000;field_5f61bb06434a8
Ч1-73;1;ЧАСТОТОМЕР;0;field_5f300bf892dd9;0;field_5f300c0592dda;0;field_5f300c0c92ddb;0;field_5f300c1492ddc;2;field_5f3241837673f;4000;field_5f61bb06434a8
Ч1-74;1;ЧАСТОТОМЕР;0;field_5f300bf892dd9;0;field_5f300c0592dda;0;field_5f300c0c92ddb;0;field_5f300c1492ddc;2;field_5f3241837673f;4000;field_5f61bb06434a8
Ч1-75;1;ЧАСТОТОМЕР;0;field_5f300bf892dd9;0;field_5f300c0592dda;0;field_5f300c0c92ddb;0;field_5f300c1492ddc;2;field_5f3241837673f;20000;field_5f61bb06434a8
Ч1-76;1;ЧАСТОТОМЕР;0;field_5f300bf892dd9;0;field_5f300c0592dda;0;field_5f300c0c92ddb;0;field_5f300c1492ddc;2;field_5f3241837673f;20000;field_5f61bb06434a8
Ч1-77;1;ЧАСТОТОМЕР;0;field_5f300bf892dd9;0;field_5f300c0592dda;0;field_5f300c0c92ddb;0;field_5f300c1492ddc;2;field_5f3241837673f;10000;field_5f61bb06434a8
Ч1-78;1;ЧАСТОТОМЕР;0;field_5f300bf892dd9;0;field_5f300c0592dda;0;field_5f300c0c92ddb;0;field_5f300c1492ddc;2;field_5f3241837673f;10000;field_5f61bb06434a8
Ч3-10;1;ЧАСТОТОМЕР;0;field_5f300bf892dd9;0;field_5f300c0592dda;0;field_5f300c0c92ddb;0;field_5f300c1492ddc;2;field_5f3241837673f;3500;field_5f61bb06434a8
Ч3-13;1;ЧАСТОТОМЕР;0;field_5f300bf892dd9;0;field_5f300c0592dda;0;field_5f300c0c92ddb;0;field_5f300c1492ddc;2;field_5f3241837673f;3500;field_5f61bb06434a8
Ч3-20;1;ЧАСТОТОМЕР;0;field_5f300bf892dd9;0;field_5f300c0592dda;0;field_5f300c0c92ddb;0;field_5f300c1492ddc;2;field_5f3241837673f;8500;field_5f61bb06434a8
Ч3-22;1;ЧАСТОТОМЕР;0;field_5f300bf892dd9;0;field_5f300c0592dda;0;field_5f300c0c92ddb;0;field_5f300c1492ddc;2;field_5f3241837673f;9000;field_5f61bb06434a8
Ч3-24;1;ЧАСТОТОМЕР;0;field_5f300bf892dd9;0;field_5f300c0592dda;0;field_5f300c0c92ddb;0;field_5f300c1492ddc;2;field_5f3241837673f;12000;field_5f61bb06434a8
Ч3-28;1;ЧАСТОТОМЕР;0;field_5f300bf892dd9;0;field_5f300c0592dda;0;field_5f300c0c92ddb;0;field_5f300c1492ddc;2;field_5f3241837673f;4500;field_5f61bb06434a8
Ч3-30;1;ЧАСТОТОМЕР;0;field_5f300bf892dd9;0;field_5f300c0592dda;0;field_5f300c0c92ddb;0;field_5f300c1492ddc;2;field_5f3241837673f;6500;field_5f61bb06434a8
Ч3-32;1;ЧАСТОТОМЕР;0;field_5f300bf892dd9;0;field_5f300c0592dda;0;field_5f300c0c92ddb;0;field_5f300c1492ddc;2;field_5f3241837673f;3500;field_5f61bb06434a8
Ч3-33;1;ЧАСТОТОМЕР;0;field_5f300bf892dd9;0;field_5f300c0592dda;0;field_5f300c0c92ddb;0;field_5f300c1492ddc;2;field_5f3241837673f;10000;field_5f61bb06434a8
Ч3-34 (А);1;ЧАСТОТОМЕР;0;field_5f300bf892dd9;0;field_5f300c0592dda;0;field_5f300c0c92ddb;0;field_5f300c1492ddc;2;field_5f3241837673f;8000;field_5f61bb06434a8
Ч3-35 (А);1;ЧАСТОТОМЕР;0;field_5f300bf892dd9;0;field_5f300c0592dda;0;field_5f300c0c92ddb;0;field_5f300c1492ddc;2;field_5f3241837673f;6500;field_5f61bb06434a8
Ч3-36;1;ЧАСТОТОМЕР;0;field_5f300bf892dd9;0;field_5f300c0592dda;0;field_5f300c0c92ddb;0;field_5f300c1492ddc;2;field_5f3241837673f;8500;field_5f61bb06434a8
Ч3-38 (до 80 года);1;ЧАСТОТОМЕР;0;field_5f300bf892dd9;0;field_5f300c0592dda;0;field_5f300c0c92ddb;0;field_5f300c1492ddc;2;field_5f3241837673f;8000;field_5f61bb06434a8
Ч3-38 (после 80 года);1;ЧАСТОТОМЕР;0;field_5f300bf892dd9;0;field_5f300c0592dda;0;field_5f300c0c92ddb;0;field_5f300c1492ddc;2;field_5f3241837673f;6500;field_5f61bb06434a8
Ч3-44;1;ЧАСТОТОМЕР;0;field_5f300bf892dd9;0;field_5f300c0592dda;0;field_5f300c0c92ddb;0;field_5f300c1492ddc;2;field_5f3241837673f;6000;field_5f61bb06434a8
Ч3-45;1;ЧАСТОТОМЕР;0;field_5f300bf892dd9;0;field_5f300c0592dda;0;field_5f300c0c92ddb;0;field_5f300c1492ddc;2;field_5f3241837673f;6000;field_5f61bb06434a8
Ч3-46;1;ЧАСТОТОМЕР;0;field_5f300bf892dd9;0;field_5f300c0592dda;0;field_5f300c0c92ddb;0;field_5f300c1492ddc;2;field_5f3241837673f;6000;field_5f61bb06434a8
Ч3-47;1;ЧАСТОТОМЕР;0;field_5f300bf892dd9;0;field_5f300c0592dda;0;field_5f300c0c92ddb;0;field_5f300c1492ddc;2;field_5f3241837673f;9000;field_5f61bb06434a8
Ч3-49;1;ЧАСТОТОМЕР;0;field_5f300bf892dd9;0;field_5f300c0592dda;0;field_5f300c0c92ddb;0;field_5f300c1492ddc;2;field_5f3241837673f;6000;field_5f61bb06434a8
Ч3-51;1;ЧАСТОТОМЕР;0;field_5f300bf892dd9;0;field_5f300c0592dda;0;field_5f300c0c92ddb;0;field_5f300c1492ddc;2;field_5f3241837673f;6000;field_5f61bb06434a8
Ч3-54;1;ЧАСТОТОМЕР;0;field_5f300bf892dd9;0;field_5f300c0592dda;0;field_5f300c0c92ddb;0;field_5f300c1492ddc;2;field_5f3241837673f;6500;field_5f61bb06434a8
Ч3-57;1;ЧАСТОТОМЕР;0;field_5f300bf892dd9;0;field_5f300c0592dda;0;field_5f300c0c92ddb;0;field_5f300c1492ddc;2;field_5f3241837673f;3500;field_5f61bb06434a8
Ч3-58;1;ЧАСТОТОМЕР;0;field_5f300bf892dd9;0;field_5f300c0592dda;0;field_5f300c0c92ddb;0;field_5f300c1492ddc;2;field_5f3241837673f;6500;field_5f61bb06434a8
Ч3-61;1;ЧАСТОТОМЕР;0;field_5f300bf892dd9;0;field_5f300c0592dda;0;field_5f300c0c92ddb;0;field_5f300c1492ddc;2;field_5f3241837673f;10000;field_5f61bb06434a8
Ч3-62;1;ЧАСТОТОМЕР;0;field_5f300bf892dd9;0;field_5f300c0592dda;0;field_5f300c0c92ddb;0;field_5f300c1492ddc;2;field_5f3241837673f;6000;field_5f61bb06434a8
Ч3-60;1;ЧАСТОТОМЕР;0;field_5f300bf892dd9;0;field_5f300c0592dda;0;field_5f300c0c92ddb;0;field_5f300c1492ddc;2;field_5f3241837673f;6000;field_5f61bb06434a8
Ч3-63 (до 90 года);1;ЧАСТОТОМЕР;0;field_5f300bf892dd9;0;field_5f300c0592dda;0;field_5f300c0c92ddb;0;field_5f300c1492ddc;2;field_5f3241837673f;13000;field_5f61bb06434a8
Ч3-63/1 (до 90 года);1;ЧАСТОТОМЕР;0;field_5f300bf892dd9;0;field_5f300c0592dda;0;field_5f300c0c92ddb;0;field_5f300c1492ddc;2;field_5f3241837673f;14000;field_5f61bb06434a8
Ч3-64 (до 90 года);1;ЧАСТОТОМЕР;0;field_5f300bf892dd9;0;field_5f300c0592dda;0;field_5f300c0c92ddb;0;field_5f300c1492ddc;2;field_5f3241837673f;23000;field_5f61bb06434a8
Ч3-64/1 (до 90 года);1;ЧАСТОТОМЕР;0;field_5f300bf892dd9;0;field_5f300c0592dda;0;field_5f300c0c92ddb;0;field_5f300c1492ddc;2;field_5f3241837673f;25000;field_5f61bb06434a8
Ч3-65;1;ЧАСТОТОМЕР;0;field_5f300bf892dd9;0;field_5f300c0592dda;0;field_5f300c0c92ddb;0;field_5f300c1492ddc;2;field_5f3241837673f;35000;field_5f61bb06434a8
Ч3-66 (до 90 года);1;ЧАСТОТОМЕР;0;field_5f300bf892dd9;0;field_5f300c0592dda;0;field_5f300c0c92ddb;0;field_5f300c1492ddc;2;field_5f3241837673f;28000;field_5f61bb06434a8
Ч3-67;1;ЧАСТОТОМЕР;0;field_5f300bf892dd9;0;field_5f300c0592dda;0;field_5f300c0c92ddb;0;field_5f300c1492ddc;2;field_5f3241837673f;4500;field_5f61bb06434a8
Ч3-68;1;ЧАСТОТОМЕР;0;field_5f300bf892dd9;0;field_5f300c0592dda;0;field_5f300c0c92ddb;0;field_5f300c1492ddc;2;field_5f3241837673f;9000;field_5f61bb06434a8
Ч3-69;1;ЧАСТОТОМЕР;0;field_5f300bf892dd9;0;field_5f300c0592dda;0;field_5f300c0c92ddb;0;field_5f300c1492ddc;2;field_5f3241837673f;9000;field_5f61bb06434a8
Ч3-70;1;ЧАСТОТОМЕР;0;field_5f300bf892dd9;0;field_5f300c0592dda;0;field_5f300c0c92ddb;0;field_5f300c1492ddc;2;field_5f3241837673f;8500;field_5f61bb06434a8
Ч3-71;1;ЧАСТОТОМЕР;0;field_5f300bf892dd9;0;field_5f300c0592dda;0;field_5f300c0c92ddb;0;field_5f300c1492ddc;2;field_5f3241837673f;28000;field_5f61bb06434a8
РЧЗ;1;ЧАСТОТОМЕР;0;field_5f300bf892dd9;0;field_5f300c0592dda;0;field_5f300c0c92ddb;0;field_5f300c1492ddc;2;field_5f3241837673f;14000;field_5f61bb06434a8
Ч5-13;1;ЧАСТОТОМЕР;0;field_5f300bf892dd9;0;field_5f300c0592dda;0;field_5f300c0c92ddb;0;field_5f300c1492ddc;2;field_5f3241837673f;3000;field_5f61bb06434a8
Ч6-2;1;ЧАСТОТОМЕР;0;field_5f300bf892dd9;0;field_5f300c0592dda;0;field_5f300c0c92ddb;0;field_5f300c1492ddc;2;field_5f3241837673f;8000;field_5f61bb06434a8
Ч6-31;1;ЧАСТОТОМЕР;0;field_5f300bf892dd9;0;field_5f300c0592dda;0;field_5f300c0c92ddb;0;field_5f300c1492ddc;2;field_5f3241837673f;30000;field_5f61bb06434a8
Ч6-71;1;ЧАСТОТОМЕР;0;field_5f300bf892dd9;0;field_5f300c0592dda;0;field_5f300c0c92ddb;0;field_5f300c1492ddc;2;field_5f3241837673f;20000;field_5f61bb06434a8
Ч6-72;1;ЧАСТОТОМЕР;0;field_5f300bf892dd9;0;field_5f300c0592dda;0;field_5f300c0c92ddb;0;field_5f300c1492ddc;2;field_5f3241837673f;20000;field_5f61bb06434a8
Ч6-73;1;ЧАСТОТОМЕР;0;field_5f300bf892dd9;0;field_5f300c0592dda;0;field_5f300c0c92ddb;0;field_5f300c1492ddc;2;field_5f3241837673f;20000;field_5f61bb06434a8
Ч7-10;1;ЧАСТОТОМЕР;0;field_5f300bf892dd9;0;field_5f300c0592dda;0;field_5f300c0c92ddb;0;field_5f300c1492ddc;2;field_5f3241837673f;12000;field_5f61bb06434a8
Ч7-12;1;ЧАСТОТОМЕР;0;field_5f300bf892dd9;0;field_5f300c0592dda;0;field_5f300c0c92ddb;0;field_5f300c1492ddc;2;field_5f3241837673f;12000;field_5f61bb06434a8
Ч7-13;1;ЧАСТОТОМЕР;0;field_5f300bf892dd9;0;field_5f300c0592dda;0;field_5f300c0c92ddb;0;field_5f300c1492ddc;2;field_5f3241837673f;12000;field_5f61bb06434a8
Ч7-14;1;ЧАСТОТОМЕР;0;field_5f300bf892dd9;0;field_5f300c0592dda;0;field_5f300c0c92ddb;0;field_5f300c1492ddc;2;field_5f3241837673f;6000;field_5f61bb06434a8
Ч7-15;1;ЧАСТОТОМЕР;0;field_5f300bf892dd9;0;field_5f300c0592dda;0;field_5f300c0c92ddb;0;field_5f300c1492ddc;2;field_5f3241837673f;6000;field_5f61bb06434a8
Ч7-5;1;ЧАСТОТОМЕР;0;field_5f300bf892dd9;0;field_5f300c0592dda;0;field_5f300c0c92ddb;0;field_5f300c1492ddc;2;field_5f3241837673f;12000;field_5f61bb06434a8
Ч7-9;1;ЧАСТОТОМЕР;0;field_5f300bf892dd9;0;field_5f300c0592dda;0;field_5f300c0c92ddb;0;field_5f300c1492ddc;2;field_5f3241837673f;12000;field_5f61bb06434a8
Ч7-37;1;ЧАСТОТОМЕР;0;field_5f300bf892dd9;0;field_5f300c0592dda;0;field_5f300c0c92ddb;0;field_5f300c1492ddc;2;field_5f3241837673f;8000;field_5f61bb06434a8
Ч7-38;1;ЧАСТОТОМЕР;0;field_5f300bf892dd9;0;field_5f300c0592dda;0;field_5f300c0c92ddb;0;field_5f300c1492ddc;2;field_5f3241837673f;8000;field_5f61bb06434a8
Ч7-39;1;ЧАСТОТОМЕР;0;field_5f300bf892dd9;0;field_5f300c0592dda;0;field_5f300c0c92ddb;0;field_5f300c1492ddc;2;field_5f3241837673f;10000;field_5f61bb06434a8
Ч7-45;1;ЧАСТОТОМЕР;0;field_5f300bf892dd9;0;field_5f300c0592dda;0;field_5f300c0c92ddb;0;field_5f300c1492ddc;2;field_5f3241837673f;6500;field_5f61bb06434a8
РЧ6-01;1;ЧАСТОТОМЕР;0;field_5f300bf892dd9;0;field_5f300c0592dda;0;field_5f300c0c92ddb;0;field_5f300c1492ddc;2;field_5f3241837673f;22000;field_5f61bb06434a8
РЧ6-02;1;ЧАСТОТОМЕР;0;field_5f300bf892dd9;0;field_5f300c0592dda;0;field_5f300c0c92ddb;0;field_5f300c1492ddc;2;field_5f3241837673f;22000;field_5f61bb06434a8
РЧ6-03;1;ЧАСТОТОМЕР;0;field_5f300bf892dd9;0;field_5f300c0592dda;0;field_5f300c0c92ddb;0;field_5f300c1492ddc;2;field_5f3241837673f;22000;field_5f61bb06434a8
РЧ6-04;1;ЧАСТОТОМЕР;0;field_5f300bf892dd9;0;field_5f300c0592dda;0;field_5f300c0c92ddb;0;field_5f300c1492ddc;2;field_5f3241837673f;22000;field_5f61bb06434a8
РЧ6-05;1;ЧАСТОТОМЕР;0;field_5f300bf892dd9;0;field_5f300c0592dda;0;field_5f300c0c92ddb;0;field_5f300c1492ddc;2;field_5f3241837673f;22000;field_5f61bb06434a8
И-02;1;Прибор;0;field_5f300bf892dd9;0;field_5f300c0592dda;0;field_5f300c0c92ddb;0;field_5f300c1492ddc;2;field_5f3241837673f;1000;field_5f61bb06434a8
ИМ-789;1;Прибор;0;field_5f300bf892dd9;0;field_5f300c0592dda;0;field_5f300c0c92ddb;0;field_5f300c1492ddc;2;field_5f3241837673f;3000;field_5f61bb06434a8
Иф-1001-СА;1;Прибор;0;field_5f300bf892dd9;0;field_5f300c0592dda;0;field_5f300c0c92ddb;0;field_5f300c1492ddc;2;field_5f3241837673f;20000;field_5f61bb06434a8
ИФ-5901-СФ;1;Прибор;0;field_5f300bf892dd9;0;field_5f300c0592dda;0;field_5f300c0c92ddb;0;field_5f300c1492ddc;2;field_5f3241837673f;15000;field_5f61bb06434a8
K2-34;1;Прибор;0;field_5f300bf892dd9;0;field_5f300c0592dda;0;field_5f300c0c92ddb;0;field_5f300c1492ddc;2;field_5f3241837673f;15000;field_5f61bb06434a8
K2-43;1;Прибор;0;field_5f300bf892dd9;0;field_5f300c0592dda;0;field_5f300c0c92ddb;0;field_5f300c1492ddc;2;field_5f3241837673f;12000;field_5f61bb06434a8
Н-071;1;Прибор;0;field_5f300bf892dd9;0;field_5f300c0592dda;0;field_5f300c0c92ddb;0;field_5f300c1492ddc;2;field_5f3241837673f;1000;field_5f61bb06434a8
П324-м;1;Прибор;0;field_5f300bf892dd9;0;field_5f300c0592dda;0;field_5f300c0c92ddb;0;field_5f300c1492ddc;2;field_5f3241837673f;8000;field_5f61bb06434a8
П326-1;1;Прибор;0;field_5f300bf892dd9;0;field_5f300c0592dda;0;field_5f300c0c92ddb;0;field_5f300c1492ddc;2;field_5f3241837673f;30000;field_5f61bb06434a8
П326-2;1;Прибор;0;field_5f300bf892dd9;0;field_5f300c0592dda;0;field_5f300c0c92ddb;0;field_5f300c1492ddc;2;field_5f3241837673f;12000;field_5f61bb06434a8
П3-15;1;Прибор;0;field_5f300bf892dd9;0;field_5f300c0592dda;0;field_5f300c0c92ddb;0;field_5f300c1492ddc;2;field_5f3241837673f;3000;field_5f61bb06434a8
П3-16;1;Прибор;0;field_5f300bf892dd9;0;field_5f300c0592dda;0;field_5f300c0c92ddb;0;field_5f300c1492ddc;2;field_5f3241837673f;3000;field_5f61bb06434a8
П3-17;1;Прибор;0;field_5f300bf892dd9;0;field_5f300c0592dda;0;field_5f300c0c92ddb;0;field_5f300c1492ddc;2;field_5f3241837673f;3000;field_5f61bb06434a8
П3-18;1;Прибор;0;field_5f300bf892dd9;0;field_5f300c0592dda;0;field_5f300c0c92ddb;0;field_5f300c1492ddc;2;field_5f3241837673f;3000;field_5f61bb06434a8
П3-19;1;Прибор;0;field_5f300bf892dd9;0;field_5f300c0592dda;0;field_5f300c0c92ddb;0;field_5f300c1492ddc;2;field_5f3241837673f;3000;field_5f61bb06434a8
П3-20;1;Прибор;0;field_5f300bf892dd9;0;field_5f300c0592dda;0;field_5f300c0c92ddb;0;field_5f300c1492ddc;2;field_5f3241837673f;3000;field_5f61bb06434a8
П5-25;1;Прибор;0;field_5f300bf892dd9;0;field_5f300c0592dda;0;field_5f300c0c92ddb;0;field_5f300c1492ddc;2;field_5f3241837673f;3000;field_5f61bb06434a8
П5-26;1;Прибор;0;field_5f300bf892dd9;0;field_5f300c0592dda;0;field_5f300c0c92ddb;0;field_5f300c1492ddc;2;field_5f3241837673f;3000;field_5f61bb06434a8
П5-27;1;Прибор;0;field_5f300bf892dd9;0;field_5f300c0592dda;0;field_5f300c0c92ddb;0;field_5f300c1492ddc;2;field_5f3241837673f;3000;field_5f61bb06434a8
П5-28;1;Прибор;0;field_5f300bf892dd9;0;field_5f300c0592dda;0;field_5f300c0c92ddb;0;field_5f300c1492ddc;2;field_5f3241837673f;3000;field_5f61bb06434a8
Пк7-15;1;Прибор;0;field_5f300bf892dd9;0;field_5f300c0592dda;0;field_5f300c0c92ddb;0;field_5f300c1492ddc;2;field_5f3241837673f;18000;field_5f61bb06434a8
Пк7-16;1;Прибор;0;field_5f300bf892dd9;0;field_5f300c0592dda;0;field_5f300c0c92ddb;0;field_5f300c1492ddc;2;field_5f3241837673f;18000;field_5f61bb06434a8
Пк7-17;1;Прибор;0;field_5f300bf892dd9;0;field_5f300c0592dda;0;field_5f300c0c92ddb;0;field_5f300c1492ddc;2;field_5f3241837673f;18000;field_5f61bb06434a8
Пк7-18;1;Прибор;0;field_5f300bf892dd9;0;field_5f300c0592dda;0;field_5f300c0c92ddb;0;field_5f300c1492ddc;2;field_5f3241837673f;18000;field_5f61bb06434a8
Пк7-19;1;Прибор;0;field_5f300bf892dd9;0;field_5f300c0592dda;0;field_5f300c0c92ddb;0;field_5f300c1492ddc;2;field_5f3241837673f;18000;field_5f61bb06434a8
Пк7-20;1;Прибор;0;field_5f300bf892dd9;0;field_5f300c0592dda;0;field_5f300c0c92ddb;0;field_5f300c1492ddc;2;field_5f3241837673f;18000;field_5f61bb06434a8
Пк7-21;1;Прибор;0;field_5f300bf892dd9;0;field_5f300c0592dda;0;field_5f300c0c92ddb;0;field_5f300c1492ddc;2;field_5f3241837673f;18000;field_5f61bb06434a8
Пк7-22;1;Прибор;0;field_5f300bf892dd9;0;field_5f300c0592dda;0;field_5f300c0c92ddb;0;field_5f300c1492ddc;2;field_5f3241837673f;18000;field_5f61bb06434a8
Р5-8;1;Прибор;0;field_5f300bf892dd9;0;field_5f300c0592dda;0;field_5f300c0c92ddb;0;field_5f300c1492ddc;2;field_5f3241837673f;4000;field_5f61bb06434a8
Р5-10;1;Прибор;0;field_5f300bf892dd9;0;field_5f300c0592dda;0;field_5f300c0c92ddb;0;field_5f300c1492ddc;2;field_5f3241837673f;5000;field_5f61bb06434a8
Р5-11;1;Прибор;0;field_5f300bf892dd9;0;field_5f300c0592dda;0;field_5f300c0c92ddb;0;field_5f300c1492ddc;2;field_5f3241837673f;5000;field_5f61bb06434a8
Р5-13;1;Прибор;0;field_5f300bf892dd9;0;field_5f300c0592dda;0;field_5f300c0c92ddb;0;field_5f300c1492ddc;2;field_5f3241837673f;5000;field_5f61bb06434a8
Р5016;1;Прибор;0;field_5f300bf892dd9;0;field_5f300c0592dda;0;field_5f300c0c92ddb;0;field_5f300c1492ddc;2;field_5f3241837673f;5000;field_5f61bb06434a8
Р5053;1;Прибор;0;field_5f300bf892dd9;0;field_5f300c0592dda;0;field_5f300c0c92ddb;0;field_5f300c1492ddc;2;field_5f3241837673f;5000;field_5f61bb06434a8
Р5079;1;Прибор;0;field_5f300bf892dd9;0;field_5f300c0592dda;0;field_5f300c0c92ddb;0;field_5f300c1492ddc;2;field_5f3241837673f;5000;field_5f61bb06434a8
C2-23;1;Прибор;0;field_5f300bf892dd9;0;field_5f300c0592dda;0;field_5f300c0c92ddb;0;field_5f300c1492ddc;2;field_5f3241837673f;10000;field_5f61bb06434a8
C6-11;1;Прибор;0;field_5f300bf892dd9;0;field_5f300c0592dda;0;field_5f300c0c92ddb;0;field_5f300c1492ddc;2;field_5f3241837673f;6000;field_5f61bb06434a8
C6-12 (до 90 года);1;Прибор;0;field_5f300bf892dd9;0;field_5f300c0592dda;0;field_5f300c0c92ddb;0;field_5f300c1492ddc;2;field_5f3241837673f;12000;field_5f61bb06434a8
C6-12 (после 90 года);1;Прибор;0;field_5f300bf892dd9;0;field_5f300c0592dda;0;field_5f300c0c92ddb;0;field_5f300c1492ddc;2;field_5f3241837673f;6500;field_5f61bb06434a8
C6-8;1;Прибор;0;field_5f300bf892dd9;0;field_5f300c0592dda;0;field_5f300c0c92ddb;0;field_5f300c1492ddc;2;field_5f3241837673f;8000;field_5f61bb06434a8
C6-9;1;Прибор;0;field_5f300bf892dd9;0;field_5f300c0592dda;0;field_5f300c0c92ddb;0;field_5f300c1492ddc;2;field_5f3241837673f;8000;field_5f61bb06434a8
СК2-24;1;Прибор;0;field_5f300bf892dd9;0;field_5f300c0592dda;0;field_5f300c0c92ddb;0;field_5f300c1492ddc;2;field_5f3241837673f;15000;field_5f61bb06434a8
CK3-39;1;Прибор;0;field_5f300bf892dd9;0;field_5f300c0592dda;0;field_5f300c0c92ddb;0;field_5f300c1492ddc;2;field_5f3241837673f;3500;field_5f61bb06434a8
Ck3-40;1;Прибор;0;field_5f300bf892dd9;0;field_5f300c0592dda;0;field_5f300c0c92ddb;0;field_5f300c1492ddc;2;field_5f3241837673f;3500;field_5f61bb06434a8
CK3-41;1;Прибор;0;field_5f300bf892dd9;0;field_5f300c0592dda;0;field_5f300c0c92ddb;0;field_5f300c1492ddc;2;field_5f3241837673f;3500;field_5f61bb06434a8
CK3-42;1;Прибор;0;field_5f300bf892dd9;0;field_5f300c0592dda;0;field_5f300c0c92ddb;0;field_5f300c1492ddc;2;field_5f3241837673f;3500;field_5f61bb06434a8
СК3-43;1;Прибор;0;field_5f300bf892dd9;0;field_5f300c0592dda;0;field_5f300c0c92ddb;0;field_5f300c1492ddc;2;field_5f3241837673f;10000;field_5f61bb06434a8
СК3-45;1;Прибор;0;field_5f300bf892dd9;0;field_5f300c0592dda;0;field_5f300c0c92ddb;0;field_5f300c1492ddc;2;field_5f3241837673f;9000;field_5f61bb06434a8
СК3-46;1;Прибор;0;field_5f300bf892dd9;0;field_5f300c0592dda;0;field_5f300c0c92ddb;0;field_5f300c1492ddc;2;field_5f3241837673f;5500;field_5f61bb06434a8
СК6-10;1;Прибор;0;field_5f300bf892dd9;0;field_5f300c0592dda;0;field_5f300c0c92ddb;0;field_5f300c1492ddc;2;field_5f3241837673f;7000;field_5f61bb06434a8
СК6-13 (до 90 года);1;Прибор;0;field_5f300bf892dd9;0;field_5f300c0592dda;0;field_5f300c0c92ddb;0;field_5f300c1492ddc;2;field_5f3241837673f;15000;field_5f61bb06434a8
СК6-13 (после 90 года);1;Прибор;0;field_5f300bf892dd9;0;field_5f300c0592dda;0;field_5f300c0c92ddb;0;field_5f300c1492ddc;2;field_5f3241837673f;8000;field_5f61bb06434a8
СК7-18;1;Прибор;0;field_5f300bf892dd9;0;field_5f300c0592dda;0;field_5f300c0c92ddb;0;field_5f300c1492ddc;2;field_5f3241837673f;10000;field_5f61bb06434a8
СЧВ-74;1;Прибор;0;field_5f300bf892dd9;0;field_5f300c0592dda;0;field_5f300c0c92ddb;0;field_5f300c1492ddc;2;field_5f3241837673f;12.000;field_5f61bb06434a8
Ф1-4;1;Прибор;0;field_5f300bf892dd9;0;field_5f300c0592dda;0;field_5f300c0c92ddb;0;field_5f300c1492ddc;2;field_5f3241837673f;8000;field_5f61bb06434a8
Ф2-16;1;Прибор;0;field_5f300bf892dd9;0;field_5f300c0592dda;0;field_5f300c0c92ddb;0;field_5f300c1492ddc;2;field_5f3241837673f;3500;field_5f61bb06434a8
Ф2-24;1;Прибор;0;field_5f300bf892dd9;0;field_5f300c0592dda;0;field_5f300c0c92ddb;0;field_5f300c1492ddc;2;field_5f3241837673f;2500;field_5f61bb06434a8
Ф2-28;1;Прибор;0;field_5f300bf892dd9;0;field_5f300c0592dda;0;field_5f300c0c92ddb;0;field_5f300c1492ddc;2;field_5f3241837673f;3500;field_5f61bb06434a8
Ф2-34;1;Прибор;0;field_5f300bf892dd9;0;field_5f300c0592dda;0;field_5f300c0c92ddb;0;field_5f300c1492ddc;2;field_5f3241837673f;3000;field_5f61bb06434a8
Ф4-16;1;Прибор;0;field_5f300bf892dd9;0;field_5f300c0592dda;0;field_5f300c0c92ddb;0;field_5f300c1492ddc;2;field_5f3241837673f;8000;field_5f61bb06434a8
ФК2-15;1;Прибор;0;field_5f300bf892dd9;0;field_5f300c0592dda;0;field_5f300c0c92ddb;0;field_5f300c1492ddc;2;field_5f3241837673f;7000;field_5f61bb06434a8
ФК2-18;1;Прибор;0;field_5f300bf892dd9;0;field_5f300c0592dda;0;field_5f300c0c92ddb;0;field_5f300c1492ddc;2;field_5f3241837673f;7000;field_5f61bb06434a8
ФК2-20;1;Прибор;0;field_5f300bf892dd9;0;field_5f300c0592dda;0;field_5f300c0c92ddb;0;field_5f300c1492ddc;2;field_5f3241837673f;7000;field_5f61bb06434a8
ФК2-21;1;Прибор;0;field_5f300bf892dd9;0;field_5f300c0592dda;0;field_5f300c0c92ddb;0;field_5f300c1492ddc;2;field_5f3241837673f;7000;field_5f61bb06434a8
ФК2-23;1;Прибор;0;field_5f300bf892dd9;0;field_5f300c0592dda;0;field_5f300c0c92ddb;0;field_5f300c1492ddc;2;field_5f3241837673f;7000;field_5f61bb06434a8
ФК2-24;1;Прибор;0;field_5f300bf892dd9;0;field_5f300c0592dda;0;field_5f300c0c92ddb;0;field_5f300c1492ddc;2;field_5f3241837673f;7000;field_5f61bb06434a8
ФК2-25;1;Прибор;0;field_5f300bf892dd9;0;field_5f300c0592dda;0;field_5f300c0c92ddb;0;field_5f300c1492ddc;2;field_5f3241837673f;7000;field_5f61bb06434a8
ФК2-26;1;Прибор;0;field_5f300bf892dd9;0;field_5f300c0592dda;0;field_5f300c0c92ddb;0;field_5f300c1492ddc;2;field_5f3241837673f;7000;field_5f61bb06434a8
ФК2-27;1;Прибор;0;field_5f300bf892dd9;0;field_5f300c0592dda;0;field_5f300c0c92ddb;0;field_5f300c1492ddc;2;field_5f3241837673f;7000;field_5f61bb06434a8
ФК2-28;1;Прибор;0;field_5f300bf892dd9;0;field_5f300c0592dda;0;field_5f300c0c92ddb;0;field_5f300c1492ddc;2;field_5f3241837673f;7000;field_5f61bb06434a8
ФК2-22;1;Прибор;0;field_5f300bf892dd9;0;field_5f300c0592dda;0;field_5f300c0c92ddb;0;field_5f300c1492ddc;2;field_5f3241837673f;12000;field_5f61bb06434a8
ФК2-29;1;Прибор;0;field_5f300bf892dd9;0;field_5f300c0592dda;0;field_5f300c0c92ddb;0;field_5f300c1492ddc;2;field_5f3241837673f;12000;field_5f61bb06434a8
ФК2-33;1;Прибор;0;field_5f300bf892dd9;0;field_5f300c0592dda;0;field_5f300c0c92ddb;0;field_5f300c1492ddc;2;field_5f3241837673f;12000;field_5f61bb06434a8
ФК2-34;1;Прибор;0;field_5f300bf892dd9;0;field_5f300c0592dda;0;field_5f300c0c92ddb;0;field_5f300c1492ddc;2;field_5f3241837673f;12000;field_5f61bb06434a8
Ш1-9;1;Прибор;0;field_5f300bf892dd9;0;field_5f300c0592dda;0;field_5f300c0c92ddb;0;field_5f300c1492ddc;2;field_5f3241837673f;5000;field_5f61bb06434a8
Я1В-22;1;Блок;0;field_5f300bf892dd9;0;field_5f300c0592dda;0;field_5f300c0c92ddb;0;field_5f300c1492ddc;2;field_5f3241837673f;3000;field_5f61bb06434a8
ЯЗЧ-77;1;Блок;0;field_5f300bf892dd9;0;field_5f300c0592dda;0;field_5f300c0c92ddb;0;field_5f300c1492ddc;2;field_5f3241837673f;1000;field_5f61bb06434a8
ЯЗЧ-87;1;Блок;0;field_5f300bf892dd9;0;field_5f300c0592dda;0;field_5f300c0c92ddb;0;field_5f300c1492ddc;2;field_5f3241837673f;1000;field_5f61bb06434a8
ЯЗЧ-88;1;Блок;0;field_5f300bf892dd9;0;field_5f300c0592dda;0;field_5f300c0c92ddb;0;field_5f300c1492ddc;2;field_5f3241837673f;1000;field_5f61bb06434a8
Я4С-75;1;Блок;0;field_5f300bf892dd9;0;field_5f300c0592dda;0;field_5f300c0c92ddb;0;field_5f300c1492ddc;2;field_5f3241837673f;2000;field_5f61bb06434a8
Я4С-76;1;Блок;0;field_5f300bf892dd9;0;field_5f300c0592dda;0;field_5f300c0c92ddb;0;field_5f300c1492ddc;2;field_5f3241837673f;2000;field_5f61bb06434a8
Я4С-77;1;Блок;0;field_5f300bf892dd9;0;field_5f300c0592dda;0;field_5f300c0c92ddb;0;field_5f300c1492ddc;2;field_5f3241837673f;2000;field_5f61bb06434a8
Я4С-78;1;Блок;0;field_5f300bf892dd9;0;field_5f300c0592dda;0;field_5f300c0c92ddb;0;field_5f300c1492ddc;2;field_5f3241837673f;2000;field_5f61bb06434a8
Я4С-88;1;Блок;0;field_5f300bf892dd9;0;field_5f300c0592dda;0;field_5f300c0c92ddb;0;field_5f300c1492ddc;2;field_5f3241837673f;2000;field_5f61bb06434a8
Я4С-90;1;Блок;0;field_5f300bf892dd9;0;field_5f300c0592dda;0;field_5f300c0c92ddb;0;field_5f300c1492ddc;2;field_5f3241837673f;2000;field_5f61bb06434a8
Я4С-91;1;Блок;0;field_5f300bf892dd9;0;field_5f300c0592dda;0;field_5f300c0c92ddb;0;field_5f300c1492ddc;2;field_5f3241837673f;2000;field_5f61bb06434a8
Я4С-92;1;Блок;0;field_5f300bf892dd9;0;field_5f300c0592dda;0;field_5f300c0c92ddb;0;field_5f300c1492ddc;2;field_5f3241837673f;2000;field_5f61bb06434a8
Я4С-97;1;Блок;0;field_5f300bf892dd9;0;field_5f300c0592dda;0;field_5f300c0c92ddb;0;field_5f300c1492ddc;2;field_5f3241837673f;2000;field_5f61bb06434a8
Я4С-98;1;Блок;0;field_5f300bf892dd9;0;field_5f300c0592dda;0;field_5f300c0c92ddb;0;field_5f300c1492ddc;2;field_5f3241837673f;2000;field_5f61bb06434a8
Я4С-100;1;Блок;0;field_5f300bf892dd9;0;field_5f300c0592dda;0;field_5f300c0c92ddb;0;field_5f300c1492ddc;2;field_5f3241837673f;2000;field_5f61bb06434a8
Я4С-101;1;Блок;0;field_5f300bf892dd9;0;field_5f300c0592dda;0;field_5f300c0c92ddb;0;field_5f300c1492ddc;2;field_5f3241837673f;2000;field_5f61bb06434a8
Я4С-40;1;Блок;0;field_5f300bf892dd9;0;field_5f300c0592dda;0;field_5f300c0c92ddb;0;field_5f300c1492ddc;2;field_5f3241837673f;1000;field_5f61bb06434a8
Я4С-52;1;Блок;0;field_5f300bf892dd9;0;field_5f300c0592dda;0;field_5f300c0c92ddb;0;field_5f300c1492ddc;2;field_5f3241837673f;1000;field_5f61bb06434a8
Я4С-60;1;Блок;0;field_5f300bf892dd9;0;field_5f300c0592dda;0;field_5f300c0c92ddb;0;field_5f300c1492ddc;2;field_5f3241837673f;6000;field_5f61bb06434a8
Я4С-54;1;Блок;0;field_5f300bf892dd9;0;field_5f300c0592dda;0;field_5f300c0c92ddb;0;field_5f300c1492ddc;2;field_5f3241837673f;6000;field_5f61bb06434a8
Я4С-56;1;Блок;0;field_5f300bf892dd9;0;field_5f300c0592dda;0;field_5f300c0c92ddb;0;field_5f300c1492ddc;2;field_5f3241837673f;6000;field_5f61bb06434a8
Я4С-59;1;Блок;0;field_5f300bf892dd9;0;field_5f300c0592dda;0;field_5f300c0c92ddb;0;field_5f300c1492ddc;2;field_5f3241837673f;6000;field_5f61bb06434a8
Я4С-62;1;Блок;0;field_5f300bf892dd9;0;field_5f300c0592dda;0;field_5f300c0c92ddb;0;field_5f300c1492ddc;2;field_5f3241837673f;6000;field_5f61bb06434a8
Я4С-64;1;Блок;0;field_5f300bf892dd9;0;field_5f300c0592dda;0;field_5f300c0c92ddb;0;field_5f300c1492ddc;2;field_5f3241837673f;6000;field_5f61bb06434a8
Я4С-66;1;Блок;0;field_5f300bf892dd9;0;field_5f300c0592dda;0;field_5f300c0c92ddb;0;field_5f300c1492ddc;2;field_5f3241837673f;6000;field_5f61bb06434a8
Я4С-68;1;Блок;0;field_5f300bf892dd9;0;field_5f300c0592dda;0;field_5f300c0c92ddb;0;field_5f300c1492ddc;2;field_5f3241837673f;6000;field_5f61bb06434a8
Я4С-70;1;Блок;0;field_5f300bf892dd9;0;field_5f300c0592dda;0;field_5f300c0c92ddb;0;field_5f300c1492ddc;2;field_5f3241837673f;6000;field_5f61bb06434a8
Я4С-72;1;Блок;0;field_5f300bf892dd9;0;field_5f300c0592dda;0;field_5f300c0c92ddb;0;field_5f300c1492ddc;2;field_5f3241837673f;6000;field_5f61bb06434a8
